"","Company","Delta.price","Earnings.Per.Share.USD","Dividends.USD","Book.Value.Per.Share...USD","Return.on.Assets..","Return.on.Equity..","Return.on.Invested.Capital..","Debt.Equity","Revenue.USD.Mil","Net.Income.USD.Mil","Free.Cash.Flow.USD.Mil","Financial.Leverage","Long.Term.Debt","Accounts.Receivable"
"1","A",1.0040758591119,-0.263157895,NA,0.153102337,-0.218721038,-0.438570365,-0.312887237,-0.177777778,-0.323960695,-0.324110671936759,-0.334888059701493,-0.171428571428571,0.00140515222482424,-0.0957894736842105
"2","AAL",5.36618334054043,-1.246367656,NA,-1.215025907,-1.462299135,NA,NA,NA,0.760165145,-1.96968165740273,0.313704496788009,NA,0.558718861209964,-0.0978835978835978
"3","AAP",0.955705650829353,0.256360078,0,3.0917603,-0.497335702,-0.640927564,-0.604468219,-0.367346939,0.519286872,0.205063291139241,-0.267379679144385,-0.424593967517401,0.0836267605633804,0.866840731070496
"4","AAPL",1.895178587335,1.33164557,NA,1.192699491,-0.487624677,-0.115190785,-0.516081871,NA,1.117654667,0.865249594938662,0.689097981846594,0.842105263157895,NA,-0.0566037735849057
"5","ABC",1.22596266799366,-0.354330709,2.395348837,0.066484517,-0.779166667,-0.284184514,-0.596947428,3.882352941,0.909097709,-0.485148514851485,0.038,2.27151051625239,0.496147919876734,0.139008199921906
"6","ABMD",8.97553847586736,-4.65625,NA,2.438848921,-2.188888889,-2.149321267,-2.104977376,NA,3.405940594,-5.33333333333333,NA,-0.0317460317460318,NA,-0.159246575342466
"7","ABT",0.981292651559977,-0.910299003,-0.436170213,0.172303765,-0.906329114,-0.908415842,-0.906719368,0.795918367,-0.294998842,-0.899111675126904,-0.407006284262602,0,0.789,-0.460392156862745
"8","ACN",1.34861741864607,0.604719764,1.688888889,1.284697509,-0.002507837,-0.384581368,-0.384203481,NA,0.344093884,0.512291483757682,0.467083607636603,-0.374384236453202,NA,0.0330156569094623
"9","ADBE",3.7799735915997,1.048484848,NA,0.406621392,0.279835391,0.40513834,0.397736459,-0.153846154,0.731973435,1.03361344537815,1.02925731432858,0.109677419354839,-0.22700119474313,0.186968838526912
"10","ADI",1.22251189628991,-0.263345196,0.882978723,1.114689709,-0.724252492,-0.618548387,-0.654666035,2.217391304,0.706648847,-0.161476355247982,0.167095115681234,0.496402877697842,1.16222760290557,-0.506060606060606
"11","ADM",0.372915653129041,-0.108626198,1.064516129,NA,-0.275362319,-0.262510254,-0.175339367,-0.181818182,-0.246021122,-0.216601178781925,-1.32394758851408,-0.0267857142857143,-0.154081632653061,-0.595442820292347
"12","ADP",1.37661207843211,0.527777778,0.577464789,-0.247346939,0.04379562,0.877691251,0.769866497,49,0.325516651,0.381977671451356,0.158963585434174,0.640350877192982,52.9,0.147869674185464
"13","ADS",1.64300886769723,1.587155963,NA,8.819112628,-0.232240437,-0.858256779,-0.095571096,-0.658962264,1.43271352,1.5047619047619,1.54157782515991,-0.675876935136194,0.0527329641223212,-0.025151069737057
"14","ADSK",1.8027680912701,-3.9,NA,-0.32157969,-2.39382716,-4.597818182,-2.410909091,NA,0.041004613,-3.74528301886792,-0.816764132553606,2.78034682080925,NA,-0.174255691768827
"15","AEE",0.937338663691814,-0.004651163,0.148387097,-0.08131068,-0.059090909,0.104072398,-0.138257576,0.178571429,-0.179790201,0.00770712909441233,-1.11577608142494,0.207357859531772,-0.0327234342012668,-0.117486338797814
"16","AEP",0.880010052591273,-0.034825871,0.291891892,0.211811283,-0.211640212,-0.218658892,-0.210459184,0.029126214,0.020375761,-0.0174717368961973,-2.50937808489635,-0.00561797752808989,0.0391274238227148,-0.191135734072022
"17","AES",-0.0630398080152773,-26.14285714,NA,-0.408588957,-24.92857143,-48.47311828,-2.867867868,1.136094675,-0.390413338,-21.0172413793103,-0.312775330396476,0.76246719160105,0.196447015079529,-0.214920071047957
"18","AET",2.7963152474988,0.088122605,2.888888889,0.583527067,-0.411538462,-0.426700252,NA,0.333333333,0.852299501,-0.0412890231621349,-1.40917602996255,-0.0708661417322835,0.442289039767216,3.22565320665083
"19","AFL",0.661283755962245,1.800970874,0.426229508,1.064563463,0.916666667,0.277673546,NA,-0.125,-0.025754364,1.34419551934827,-0.434790629035233,-0.356401384083045,0.366548042704626,0.0344827586206897
"20","AGN",2.52891691989609,-7.402912621,NA,6.314733771,-1.853717026,-1.824146982,-1.577648766,0.583333333,2.477530541,-16.8692307692308,9.08008213552361,-0.0851063829787234,0.723756906077348,-0.855172413793103
"21","AIG",1.05920338687824,-1.59400545,NA,0.777116402,-1.445255474,-1.299442897,NA,-0.309859155,-0.228326354,-1.34183616136645,-246.285714285714,0.443396226415094,-0.538126361655773,-0.222641509433962
"22","AIV",0.796456910313663,-3.279069767,2,2.467213115,-4.434482759,-1.593304402,1.311728395,-0.870811073,-0.069444444,-6.68421052631579,-6.14285714285714,-0.855575868372943,-0.138165490699166,-0.688524590163934
"23","AIZ",1.6490845173962,0.704174229,2.071428571,0.39364519,-0.171568627,0.115902965,NA,0.315789474,-0.237157017,-0.0476190476190476,-0.429268292682927,0.38404452690167,-0.064066852367688,13.6569037656904
"24","AJG",1.00135250651402,0.984375,0.181818182,1.136406397,0.06442577,-0.018760196,-0.450171821,NA,1.886597938,2.21527777777778,1.98353909465021,-0.130193905817174,NA,-0.0611086861632474
"25","AKAM",0.73408896033137,0.177570093,NA,0.611715481,-0.431578947,-0.279395901,-0.375418994,NA,1.159620362,0.0845771144278607,0.42962962962963,0.275229357798165,NA,0.109010011123471
"26","ALB",1.01793732471243,-0.885514019,0.910447761,0.973698937,-0.950395399,-0.949327818,-0.949701195,-0.170212766,0.070756361,-0.873853211009174,-1.04713804713805,0.0497512437810946,-0.226289517470882,-0.346153846153846
"27","ALGN",6.52756860923079,2.409638554,NA,1.546551724,0.230379747,0.404296875,0.411649215,NA,2.06875,2.44776119402985,1.43,0.174242424242424,NA,0.287943262411348
"28","ALK",4.30413865001785,4,NA,2.184062851,1.08559499,0.448741845,0.63434903,-0.35106383,0.837193145,3.22040816326531,0.825242718446602,-0.347629796839729,-0.00425531914893616,0.209125475285171
"29","ALL",2.06419036591036,4.573333333,0.761904762,0.588430667,3.557377049,2.710526316,NA,-0.03125,0.179763582,3.04695431472081,1.38562091503268,-0.196428571428571,0.199575371549894,2.33673469387755
"30","ALXN",1.33353473814249,1.164835165,NA,6.07029877,-0.773507207,-0.71331058,-0.745412844,NA,3.535121328,1.53142857142857,2.05645161290323,0.24390243902439,NA,-0.694460308395203
"31","AMAT",2.39291801791882,1.186206897,0.333333333,0.21958457,0.300708307,0.75826972,0.357006673,1.590909091,0.382238281,0.782969885773624,0.472259810554804,0.316455696202532,0.943772241992882,0.115837104072398
"32","AMD",0.738474525635598,-0.939393939,NA,-0.784,-0.873737374,-0.778160615,-0.61263897,1.260416667,-0.1886419,-0.912423625254583,-1.34090909090909,0.855769230769231,0.214471122647631,-0.390835579514825
"33","AME",1.23782610084553,0.860759494,1.25,0.914218566,-0.031746032,-0.068690891,-0.061505065,-0.163636364,0.43812709,0.7734375,0.655021834061135,-0.0761904761904763,-0.0795847750865052,-0.155665024630542
"34","AMG",0.781692315283909,2.868167203,NA,0.965074627,1.515923567,1.058888889,0.438633938,0.324324324,0.352699531,3.18181818181818,0.664739884393064,-0.185714285714286,0.406871609403255,0.0439330543933054
"35","AMGN",2.04722271059844,-0.334158416,7.214285714,0.50777027,-0.685463659,-0.581096849,-0.665650407,0.205357143,0.466371454,-0.462666304642954,1.30953427065026,0.233463035019455,-0.0208381039615297,-0.317032040472175
"36","AMP",1.58207500372408,1.08388521,2.724137931,-0.071089023,0.271604938,1.346978558,NA,0.148648649,0.179314386,0.37546468401487,-0.201763485477178,0.881407804131599,-0.39612676056338,-0.0644391408114559
"37","AMT",1.43980268944715,1.696969697,NA,0.833534379,0.022792023,0.516267123,0.132376396,0.433179724,1.726268412,2.12878787878788,2.30015552099533,0.43010752688172,0.0106924643584521,1.48192771084337
"38","AMZN",3.92274901680186,3.489051095,NA,1.9847686,-0.01048951,0.49594438,-0.067105263,6.611111111,2.699606881,3.80665610142631,2.09703632887189,0.45398773006135,17.6534653465347,-0.0137659783677483
"39","ANDV",3.01415326364635,1.837270341,NA,1.190265487,0.064846416,0.260239445,-0.056542811,1.228571429,0.154176154,1.7985347985348,-0.273657289002558,0.0777777777777778,1.29350261389096,-0.46656298600311
"40","ANSS",1.2539056762073,0.560209424,NA,0.487137384,0.143037975,0.058181818,0.129318855,NA,0.584659913,0.430939226519337,0.437062937062937,-0.0642857142857142,NA,0.214426877470356
"41","ANTM",1.7050205431857,0.979310345,1.7,0.449849764,0.094594595,0.324733096,NA,0.833333333,0.483099984,0.452380952380952,0.185639229422067,0.192825112107623,0.521927115503397,0.456775700934579
"42","AON",1.71333131288003,0.637630662,1.35,-0.175542406,0.388059701,1.033361134,0.363233666,1.490196078,-0.114202179,0.252298263534219,-0.290862290862291,0.554644808743169,0.546875,-0.0677808727948004
"43","AOS",4.56807282605243,0.036585366,2.733333333,0.830188679,-0.289569657,-0.397039897,-0.331753555,-0.4,0.751022794,-0.0262295081967213,45.4,-0.101851851851852,-0.331919406150583,0.193877551020408
"44","APA",-0.569212751258059,-0.702702703,0.666666667,-0.735061195,-0.378177966,0.078486731,-0.289928058,3.458333333,-0.651409285,-0.715532286212915,-1.11547826086957,0.577540106951872,1.96088957055215,0.0371621621621621
"45","APC",-0.302479398857598,-0.840225564,-0.444444444,-0.456515922,-0.79337232,-0.703513909,-0.782752902,0.746987952,-0.190750612,-0.827859569648924,-0.675039745627981,0.374125874125874,0.347414667117269,-0.308426073131956
"46","APD",0.825975886437601,1.424511545,0.66367713,0.563656148,0.86492622,0.61926818,0.730328495,-0.5,-0.187859552,1.45098039215686,0.313432835820896,-0.259109311740891,-0.332853025936599,-0.394777265745008
"47","APH",2.09322104724588,0.355263158,22.33333333,0.958762887,-0.432606941,-0.272922022,-0.412717457,0.412698413,0.779441624,0.24236641221374,0.974193548387097,0.224390243902439,0.145846748229234,-0.0741599073001159
"48","ARE",0.619777115496156,-0.086705202,0.85483871,0.098910138,-0.208588957,-0.25,-0.079207921,-0.129032258,1.226190476,0.290076335877863,-1.92213114754098,-0.0636363636363637,-0.0356305672761368,-0.272727272727273
"49","ARNC",-0.183093540551954,NA,NA,NA,NA,NA,NA,NA,NA,NA,NA,NA,NA,NA
"50","ATVI",3.80035895820359,-0.608695652,0.764705882,0.410503751,-0.814268143,-0.719733079,-0.8117195,NA,0.475709779,-0.748387096774194,1.33863636363636,0.551181102362205,NA,0.00613496932515343
"51","AVB",0.488952191056,0.303901437,0.591036415,0.716678137,-0.110701107,-0.257417103,-0.122591944,-0.144578313,1.228070175,0.984162895927602,-5.56370656370656,-0.082901554404145,-0.0814678052157859,NA
"52","AVGO",6.29443885102234,0.835616438,10.65714286,4.9375,-0.864887406,-0.72519084,-0.79878255,NA,6.549657534,2.06521739130435,7.92833876221498,1.19672131147541,NA,-0.664429530201342
"53","AVY",1.63759492547282,0.758426966,0.76,-0.216413374,0.567639257,1.48305821,0.579141104,1.172413793,0.097577166,0.484210526315789,0.457044673539519,0.636666666666667,0.335070349140177,0.334467120181406
"54","AWK",1.788524860907,0.36,0.8,0.275577558,0.041860465,0.086486486,-0.332,-0.03968254,0.259189797,0.374193548387097,-0.641176470588235,0.0372492836676217,-0.0783065855008301,0.0829694323144105
"55","AXP",0.782940629955199,-0.279126214,0.861111111,0.578135048,-0.52887538,-0.517388219,NA,-0.034700315,-0.184834123,-0.445592705167173,0.343743269437863,0.218137254901961,-0.207464607464608,0.0875912408759124
"56","AZO",1.18129024936349,1.26348228,NA,0.969619444,-0.033692722,NA,NA,NA,0.348817044,0.508833922261484,0.0515463917525773,NA,-0.0291932059447984,0.2625
"57","BA",2.08737667037906,1.514981273,2.380952381,-0.770287141,0.659889094,NA,1.775575221,8.666666667,0.35872554,1.04006968641115,3.96709956709957,10.4275043936731,-0.161881977671451,0.61878453038674
"58","BAC",1.46556303704165,155,8.75,0.215392304,NA,169.75,NA,-0.471590909,0.014611936,11.6085753803596,-0.835351281199057,-0.073558648111332,-0.429959977129788,-0.142857142857143
"59","BAX",0.965472507352382,-0.667525773,-0.515873016,0.410815174,-0.63927691,-0.756652868,-0.68320802,-0.472222222,-0.239833009,-0.677607913669065,-0.352180936995153,-0.351724137931035,-0.187153053132435,-0.174152876280536
"60","BBT",0.843291203247495,0.49726776,0.96875,0.364978061,0.294871795,0.090551181,NA,-0.288,0.31287703,0.857253685027153,0.0677263303386317,-0.168662674650699,-0.145716573258607,NA
"61","BBY",0.853865599000983,0.058441558,1.344827586,NA,0.052407932,0.21659919,0.161330049,1,-0.161541216,-0.216914643696163,2.25784753363229,0.337037037037037,0.502415458937198,-0.388593155893536
"62","BDX",1.42944659590634,-0.181494662,0.780487805,1.455960854,-0.74328594,-0.595882115,-0.686407219,1.823529412,0.544641717,-0.134539732494099,0.640864086408641,0.347222222222222,1.07682619647355,-0.607809847198642
"63","BEN",0.10584135766162,0.048780488,1.424242424,0.712643678,-0.362189688,-0.420363329,-0.400597907,-0.666666667,-0.104761905,-0.117983367983368,-0.287919463087248,-0.141975308641975,-0.597090449082859,0.0178253119429589
"64","BF-B",1.16065777444796,NA,NA,NA,NA,NA,NA,NA,NA,NA,NA,NA,NA,NA
"65","BHF",NA,NA,NA,NA,NA,NA,NA,NA,NA,NA,NA,NA,NA,NA
"66","BHGE",-0.269295137684007,NA,NA,NA,NA,NA,NA,NA,NA,NA,NA,NA,NA,NA
"67","BIIB",2.16446917302184,1.365079365,NA,1.36338904,-0.242361111,-0.017241379,-0.200339559,1.764705882,1.430778372,1.05753646677472,0.753387533875339,0.333333333333333,1.13993174061433,0.0912124582869856
"68","BK",1.00252811540759,0.832512315,0.791666667,0.310233393,0.261363636,0.402614379,NA,0.121212121,0.026748133,0.625596184419714,1.19502868068834,0.0133607399794449,0.105726872246696,8.05
"69","BKNG",2.65884453896511,1.271449346,NA,4.534583333,-0.663411458,-0.538733126,-0.679402834,25,1.911157025,1.21685606060606,2.37760617760618,0.467532467532467,16.228855721393,-0.282282282282282
"70","BLK",1.36346509955054,1.443815683,0.818181818,0.345208048,0.738461538,0.785557987,0.838422392,-0.36,0.375509305,1.12665810868635,0.424195424583172,-0.0362116991643454,-0.346704871060172,0.0512820512820513
"71","BLL",1.20637116204747,-0.198473282,1.571428571,1.298405467,-0.6416,-0.687422935,-0.602298851,-0.253393665,0.272653534,-0.157657657657658,0.825742574257426,-0.270903010033445,0.00951374207188159,-0.2384
"72","BMY",0.98955543512803,-0.717592593,0.180451128,-0.075203252,-0.7417962,-0.692143467,-0.721590909,0.735294118,-0.02202975,-0.728498247506066,-0.0565615917728594,0.381642512077295,0.28290282902829,0.654625550660793
"73","BR",2.42600864727569,1.045454545,1.2,0.254263566,0.182115594,0.508514664,0.422204214,5.875,0.911859714,0.93491124260355,0.868263473053892,0.313807531380753,4.3583460949464,-0.123595505617978
"74","BRK-B",1.2567910582135,NA,NA,NA,NA,NA,NA,NA,NA,NA,NA,NA,NA,NA
"75","BSX",3.02294630164276,-0.724137931,NA,-0.305660377,-0.724137931,-0.611825193,-0.734693878,0.421052632,0.187090003,-0.764172335600907,0.572443181818182,0.446808510638298,0.00150000000000006,0.38974358974359
"76","BWA",0.272958360044225,-0.063063063,NA,0.638086643,-0.506276151,-0.46410473,-0.508615567,0.806451613,0.377424796,-0.201818181818182,0.968253968253968,0.052,0.705098039215686,0.0392947103274558
"77","BXP",0.292062745337339,0.575268817,0.487804878,0.11878453,0.216494845,0.36779661,0.036964981,0.022346369,0.478409091,0.692307692307692,4.66875,0.138613861386139,-0.016519463526333,-0.252279635258359
"78","C",0.758705690315285,-1.820936639,31,0.338837517,-1.75862069,-1.641975309,NA,-0.285714286,-0.088114048,-1.61425860666847,-1.28934686266437,-0.0388257575757576,-0.256365740740741,0.405405405405405
"79","CA",0.461488285973112,0.149068323,5.375,0.205540661,-0.057184751,-0.112820513,-0.180511182,1.130434783,-0.088733348,-0.0628778718258767,-0.113494191242181,0.00452488687782816,1.12875121006776,-0.114035087719298
"80","CAG",0.948774655113337,-0.223404255,0.011235955,-0.115283843,-0.229461756,-0.024146054,-0.167250438,0.131147541,-0.363894985,-0.217870257037944,0.0530474040632054,0.0411522633744855,0.0993245927691696,-0.251006711409396
"81","CAH",0.689097500239467,0.481617647,1.2625,0.262304922,-0.225446429,0.118329466,-0.265050167,2.594594595,0.266279568,0.343065693430657,-0.277425203989121,0.506393861892583,1.37605042016807,-0.255382331106162
"82","CAT",0.162496282122958,-0.82972973,0.722222222,0.195701875,-0.853982301,-0.864806351,-0.828380386,-0.103092784,-0.244038711,-0.846996753246753,0.0907323395981854,-0.110759493670886,-0.0123296560674886,-0.0453720508166969
"83","CB",1.19068919083161,0.811946903,1.737864078,0.543623209,0.268817204,0.161676647,NA,0.642857143,0.915349887,1.43596214511041,0.297694524495677,-0.0868347338935574,0.848958333333333,1.93413173652695
"84","CBOE",2.70269242706412,1.427631579,NA,NA,-0.705581594,-0.650875075,-0.78125,NA,3.387795276,1.88489208633094,0.931034482758621,0.215827338129496,NA,-0.705493050959629
"85","CBRE",0.746298742439326,1.743243243,NA,2.387878788,0.600515464,-0.153316107,0.377311961,-0.779735683,1.406435224,1.89121338912134,1.49765258215962,-0.543859649122807,-0.321438082556591,0.417898832684825
"86","CBS",1.55752977297443,-0.541666667,1.057142857,-0.485526316,-0.683366733,-0.047619048,-0.503012048,6.966666667,-0.038820639,-0.726436781609195,-0.526954177897574,2.99242424242424,0.996921723834653,0.428341384863124
"87","CCI",1.36948258242656,0.942307692,NA,2.836408364,0,-0.407633588,-0.344709898,-0.604863222,1.142646335,1.60233918128655,1.75675675675676,-0.485207100591716,-0.234036005539314,0.684931506849315
"88","CCL",0.703299478224337,0.483471074,0.6,0.097815455,0.302788845,0.363970588,0.234442836,-0.147058824,0.108719053,0.362970711297071,1.22242990654206,0.0370370370370369,-0.177063339731286,0.132352941176471
"89","CDNS",2.59557027563918,1.703703704,NA,1.594202899,1.183574879,0.122857143,0.108974359,1.03125,0.689565217,1.83333333333333,0.976076555023923,-0.427570093457944,2.55674232309746,0.00127226463104323
"90","CELG",3.14990668108236,1.545454545,NA,1.023400936,-0.226646248,0.896641954,-0.155367232,8.956521739,1.685460553,1.23065250379363,1.9618366129994,1.3956043956044,3.12156862745098,-0.297354497354497
"91","CERN",1.15661076844486,1.920454545,NA,1.10906298,0.267020336,0.367697595,0.291728213,1.75,1.334089877,1.82410423452769,0.899408284023669,0.0384615384615385,1.75432525951557,-0.14118273841236
"92","CF",0.0933157265595204,-0.651480638,5,0.042210284,-0.855990783,-0.71125384,-1.28566108,2.638888889,-0.322617681,-0.767381416504224,-0.367903930131004,0.908629441624365,1.40445859872611,-0.24
"93","CHD",1.40699039174103,1.735849057,1.533333333,0.076398363,0.404505387,1.238155401,0.477761836,6.916666667,0.373590397,1.39677419354839,0.764542936288089,0.771241830065359,3.36579275905119,-0.322732626619552
"94","CHRW",0.0185965425731719,0.36259542,0.508333333,0.25128866,-0.389846743,0.069034091,-0.433522727,NA,0.438564241,0.168981481481481,-0.135278514588859,0.736842105263158,NA,-0.102983465132998
"95","CHTR",5.70760046558499,-11.89910979,NA,98.44171779,-4.656410256,-1.273678414,-5.284482759,-0.978362029,4.730943497,-35.4967105263158,14.3067484662577,-0.962365077848887,-0.389721105833638,-0.206666666666667
"96","CI",2.83031767167823,0.910675381,0,1.133186166,0.346715328,-0.080180689,NA,-0.355932203,0.891808346,0.685757347400151,2.38166510757718,-0.264705882352941,-0.139059304703476,4.73684210526316
"97","CINF",1.46934059412955,5.227722772,0.25,0.553825322,3.583333333,3.151975684,NA,-0.375,0.507231133,5.29518072289157,3.31666666666667,-0.145161290322581,-0.312977099236641,0.367924528301887
"98","CL",0.697307377680195,-0.076923077,0.394736842,-1.043165468,-0.198034398,NA,NA,NA,-0.076490976,-0.167420814479638,0.0601949978804578,NA,0.504251700680272,-0.112462006079027
"99","CLX",0.98324175572971,0.325870647,0.454545455,-5.742424242,0.20657277,NA,NA,NA,0.141846683,0.258527827648115,0.35531914893617,NA,-0.403996865203762,-0.0198255352894528
"100","CMA",1.2945841743404,0.980861244,1.725,0.319704713,0.5,0.526058632,NA,-0.194444444,0.295705521,0.89058524173028,0.323943661971831,0.0123873873873873,-0.202469135802469,-0.1578125
"101","CMCSA",2.26419211751109,5.333333333,1.739130435,0.227366255,3.106312292,3.082599119,1.828611898,0.0875,0.513663551,4.46009615384615,0.25012370113805,-0.182634730538922,0.190085724934775,0.655797101449276
"102","CME",1.27785457924457,1.198895028,1.357142857,-0.025356577,0.171548117,1.182548794,1.075089392,0,0.11097561,1.24227373068433,0.498296422487223,0.788359788359788,-0.43050193050193,-0.338028169014085
"103","CMG",0.299975628925241,-0.087278107,NA,0.547529706,-0.486966825,-0.450151057,-0.451571244,NA,0.971806167,-0.181395348837209,-0.0384615384615385,0.102941176470588,NA,3.11864406779661
"104","CMI",0.587665397337357,-0.37486911,2.189393939,0.696389094,-0.639402985,-0.611218037,-0.642409034,0.833333333,0.131870567,-0.459415584415584,0.214953271028037,0.174528301886792,0.592082616179002,-0.0752886836027713
"105","CMS",1.34611012683968,0.044585987,0.583333333,0.343906511,-0.204633205,-0.258064516,-0.310192024,0.009756098,0.012302014,0.108433734939759,-1.26132404181185,-0.0441988950276242,0.0768812822602553,-0.0443262411347518
"106","CNC",4.02846094329133,3.424528302,NA,3.3156708,-0.267657993,0.010108865,-0.110029211,0.864864865,8.058603258,6.45945945945946,4.67553191489362,0.363247863247863,0.351351351351351,1.17246175243394
"107","CNP",0.521270117735986,0.302839117,0.35443038,-0.150809717,0.238828968,0.20256971,0.12228057,-0.146341463,0.137751479,0.320560058953574,-1.00854700854701,-0.056420233463035,-0.0946998241647828,0.241106719367589
"108","COF",0.812559825567471,-0.486764706,7,0.617347738,-0.696774194,-0.681368137,NA,0.351648352,0.632576687,-0.370193835398793,0.843697478991597,0.0806916426512968,0.242770167427701,-0.236363636363636
"109","COG",0.616455880359969,-0.24137931,4.666666667,0.171428571,-0.306122449,-0.36038961,-0.732984293,0.066666667,0.782653061,-0.180327868852459,-1.34447300771208,-0.0922330097087378,0.174646602827177,1.16104868913858
"110","COL",0.951678132183597,0.179802956,0.375,2.464249748,-0.547403133,-0.588625592,-0.695175439,2.142857143,0.419475655,0.11198738170347,1.0439121756487,-0.15819209039548,2.782874617737,-0.559510567296997
"111","COO",2.1762410373111,1.071625344,0,0.565571746,0.173274596,0.304213772,0.159855769,1.117647059,0.607062359,1.12571428571429,1,0.133333333333333,0.895032051282051,-0.202933985330073
"112","COP",-0.124178610312366,-1.078037904,-0.598484848,-0.493747558,-1.130597015,-1.140398063,-1.068181818,0.696969697,-0.882232985,-1.0687520102927,-0.610344827586207,0.0212765957446808,0.654416961130742,-0.454124189063948
"113","COST",1.1259899327541,0.842424242,1.134831461,-0.183429812,0.333910035,0.829820453,0.417789757,5.1,0.451104988,0.832421340629275,1.21383647798742,0.511210762331839,2.81589958158996,0.0914127423822715
"114","CPB",0.615145211119829,0.194214876,0.217391304,0.481927711,-0.069387755,-0.298223668,-0.160929817,-0.313901345,0.022153129,0.101863354037267,0.0954022988505747,-0.251980982567353,-0.0881107031911889,-0.0404411764705882
"115","CPRT",2.05897589060628,2.074074074,NA,0.783673469,0.509735744,1.078479763,0.86941093,-0.152542373,0.660550459,1.37349397590361,0.84971098265896,-0.0717948717948717,-0.0739753415528158,0.360169491525424
"116","CRM",1.74066757280261,1.166666667,NA,3.008333333,-0.49137931,-0.48381295,-1.493403694,-0.076923077,4.064574532,1.8125,17.8666666666667,-0.0330578512396695,-0.253106605624591,0.330195510499638
"117","CSCO",0.908635204975505,0.623931624,8.166666667,0.511520737,-0.010362694,0.043692741,-0.082061069,0.147058824,0.110764034,0.480585516178737,0.449971925884335,0.0652173913043478,0.0627345844504022,-0.141583054626533
"118","CSX",1.16516186857271,2.523529412,1.108108108,0.554002541,1.433544304,0.95014111,0.831851253,-0.223300971,-0.028527633,2.00274423710209,0.199329983249581,-0.303724928366762,0.112984822934233,-0.29242819843342
"119","CTAS",3.37030498245649,1.607142857,1.714285714,0.234767025,0.478114478,1.271302644,0.563591022,1.142857143,0.397112861,0.947368421052632,2.10759493670886,0.571428571428572,0.371273712737127,-0.420731707317073
"120","CTL",-0.433748684044394,1.065420561,-0.255172414,-0.65887982,0.544217687,1.002659574,-0.719512195,0.54368932,0.150153084,1.42408376963351,-0.568715083798883,0.192592592592593,0.296267087276551,0.0538243626062324
"121","CTSH",0.850140534707884,0.769230769,NA,1.872307692,-0.417475728,-0.400426439,-0.450132392,NA,1.419539291,0.701357466063348,2.61669505962521,0.0287769784172662,NA,-0.115705931495405
"122","CTXS",0.458461130332668,-1.069518717,NA,-0.029350105,-1.037239869,-1.083765752,-1.038284839,NA,0.280598368,-1.05898876404494,0.485507246376812,2.90666666666667,NA,0.0355329949238579
"123","CVS",1.16024755593858,1.505836576,3,0.190443213,0.28021978,0.944201313,0.452261307,1.458333333,0.725163399,0.913319849754406,0.528363453815261,0.482352941176471,0.634197617379117,0.479188900747065
"124","CVX",0.105159040430463,-0.639136905,0.398058252,0.262372992,-0.737536657,-0.736421053,-0.768450185,1.875,-0.453306974,-0.658114891243726,-0.512878476503631,-0.0115606936416185,1.85560344827586,-0.418269230769231
"125","CXO",0.395175666541006,0.214015152,NA,0.96778569,-0.181716834,-0.438356164,-0.280973451,-0.571428571,0.486206897,0.744525547445255,0.534798534798535,-0.330434782608696,-0.354626275930194,-0.264432029795158
"126","D",0.641496211956988,0.926530612,0.543147208,0.236648702,0.273584906,0.572855953,0.258970359,0.190789474,-0.124695737,1.12997159090909,0.427503736920777,0.120300751879699,0.0900995285489785,-0.477578475336323
"127","DAL",4.38251611835549,3.900990099,NA,12.65517241,2.472081218,NA,NA,NA,0.174540795,3.18852459016393,-0.204430379746835,NA,-0.545888399412628,0.242339832869081
"128","DE",0.485379218958971,0.007541478,0.578947368,0.589850746,-0.429738562,-0.372076707,-0.257503949,0.088353414,-0.032402792,-0.228928571428571,-1.60835913312693,-0.0296191819464034,0.118499573742541,-0.89535495179667
"129","DFS",1.77260695138284,0.334975369,5.5,NA,-0.379411765,-0.357142857,NA,0.148648649,0.400651005,-0.0574764256847777,0.42652944539737,0.160479041916168,-0.0109063557728469,NA
"130","DG",1.25698262555727,1.434065934,NA,0.635214827,0.599706745,0.375222288,0.363876652,-0.382716049,0.686766398,0.99203821656051,1.58663366336634,-0.0851063829787235,-0.3255881498693,NA
"131","DHI",2.24064176913666,10.91304348,1.666666667,1.392038601,5.88976378,4.211678832,3.857798165,-0.507692308,2.874346989,13.6197183098592,-279,-0.230392156862745,-0.367891925856111,NA
"132","DHR",1.31765312641703,0.135048232,5.222222222,0.518549396,-0.349339736,-0.288231149,-0.382327952,0.3,0.139146107,0.147329650092081,0.24694589877836,0,0.270952927669345,-0.258349705304519
"133","DIS",1.79949761178883,1.257936508,2.9,0.407646475,0.405882353,0.653426791,0.438259109,0.533333333,0.348323674,0.868109007697108,1.53857350800582,0.202072538860104,0.331622835150738,0.0513418903150525
"134","DISCA",0.173769004290206,-1.421428571,NA,-0.119463869,-1.178318136,-1.388294879,-1.22953451,3.923076923,0.622904368,-1.29770318021201,0.433781190019194,1.67213114754098,0.846979107848673,-0.0685714285714285
"135","DISCK",0.279063866481088,-1.421428571,NA,-0.119463869,-1.178318136,-1.388294879,-1.22953451,3.923076923,0.622904368,-1.29770318021201,0.433781190019194,1.67213114754098,0.846979107848673,-0.0685714285714285
"136","DISH",1.28028702536622,0.200589971,NA,50.73913043,-0.495476688,NA,NA,NA,0.024416287,0.384564643799472,-2.98860911270983,NA,-0.218360756573889,-0.682539682539682
"137","DLPH",NA,NA,NA,NA,NA,NA,NA,NA,NA,NA,NA,NA,NA,NA
"138","DLR",0.917266115048923,-0.25,0.367647059,1.50250976,-0.550218341,-0.657105606,-0.497520661,-0.370860927,1.312323612,0.58974358974359,-3.30925507900677,-0.246794871794872,-0.141771111567701,-0.134228187919463
"139","DLTR",1.50035542212695,1.438709677,NA,NA,-0.666666667,-0.33478735,-0.577950043,5.705882353,2.522441346,1.25692695214106,2.25882352941176,0.785276073619632,2.74190476190476,NA
"140","DOV",0.720025597027541,0.08649789,0.542372881,1.077878104,-0.211907164,-0.475964078,-0.463114754,-0.227272727,-0.01509434,-0.0927374301675978,-0.224565756823821,NA,0.217731421121252,0.0375099760574621
"141","DRE",1.16667089649137,40.45454545,0.132352941,0.742744063,52.55813953,24.64150943,5.277641278,-0.732323232,-0.386970173,16.0208333333333,6.2258064516129,-0.553424657534247,-0.399271402550091,2.11666666666667
"142","DRI",0.952337950461241,0.120943953,0.75,0.093880389,0.068616423,-0.049457177,0.233245729,-0.407894737,-0.044,0.00630252100840336,0.691860465116279,-0.0709219858156027,-0.338772338772339,0.241666666666667
"143","DTE",1.15279218767008,0.511961722,0.448275862,0.268819815,0.23297491,0.17953668,0.033850494,0.242718447,0.416994493,0.594936708860759,-1.25381679389313,-0.0431266846361186,0.326567596955419,0.0166358595194085
"144","DUK",0.47665265975702,0.138381201,0.175084175,0.161977335,-0.195729537,-0.018592297,-0.121323529,0.426829268,0.621928557,0.793083235638921,1.02571428571429,0.2,0.188168449197861,0.608
"145","DVA",0.636598578289745,0.399193548,NA,1.45505618,-0.37366548,-0.387763895,-0.269387755,-0.053398058,0.557863076,0.389121338912134,0.284615384615385,-0.0265060240963856,-0.0309523809523809,-0.315533980582524
"146","DVN",-0.503135567755486,-0.848888889,-0.641791045,-0.740195141,-0.74822974,-0.488543018,-0.583808438,2.964285714,0.319303887,-0.809098639455782,-1.0793893129771,0.703125,1.79132231404959,0.647761194029851
"147","DWDP",1.00251132899451,-0.556097561,0.955555556,1.600235156,-0.690751445,-0.827819549,-0.735645933,-0.7,0.041660415,-0.467541940189643,3.88560533841754,-0.493403693931398,-0.413754646840149,-0.368080517613228
"148","DXC",2.63874385980056,-1.186046512,-0.2,-0.720959074,-1.330396476,-1.592836946,-1.192261185,2.6875,-0.525807256,-1.16621621621622,-0.180300500834725,1.13488372093023,0.769333333333333,-0.177719982661465
"149","EA",3.93102886254796,-4.666666667,NA,0.496103896,-3.270363951,-3.487056568,-2.994247363,NA,0.349958206,-4.5036231884058,3.82758620689655,-0.0104166666666667,NA,-0.316176470588235
"150","EBAY",1.66835007555544,-1.386178862,NA,-0.128082737,-1.311688312,-1.561728395,-1.333725029,11.77777778,-0.178939238,-1.31464849798699,0.0735930735930736,1.11842105263158,5.36917562724014,-0.76984126984127
"151","ECL",1.4887040224202,1.685863874,1.111111111,1.953846154,0.97,0.750631845,0.923809524,-0.239316239,1.035299309,2.25701943844492,2.821875,-0.186335403726708,-0.0667582417582418,0.178416013925152
"152","ED",0.507385393536645,0.383753501,0.15,0.223198594,0.136200717,0.118865867,0.040247678,0.103448276,-0.069948987,0.435969868173258,-1.06495726495726,-0.0741839762611276,0.183610359489756,-0.175257731958763
"153","EFX",2.61741009848183,1.569148936,1.4375,0.757658271,0.259314456,0.465404224,0.187122736,-0.035087719,0.716181725,1.51931330472103,0.792792792792793,0.106796116504854,-0.123871433730589,-0.241676942046856
"154","EIX",1.04354001380576,-16.63636364,0.7421875,0.126885537,-14.625,-14.25,1.035714286,-0.264705882,-0.034482759,-16.2702702702703,-0.732815964523282,-0.0564853556485357,-0.206387362637363,-0.262626262626263
"155","EL",1.02739192926275,0.925287356,2.473684211,0.68018018,-0.004971002,0.025473547,-0.104245283,0.87804878,0.342111237,0.784285714285714,0.917159763313609,0.104602510460251,0.696987253765933,-0.199734571997346
"156","EMN",0.884183093291179,1.095132743,1.111111111,1.52189519,-0.230769231,-0.300175835,-0.376623377,0.480519481,0.330314851,0.988505747126437,5.33962264150943,-0.103030303030303,0.65211810012837,-0.239015817223199
"157","EMR",0.160774363698103,-0.281345566,0.391304348,-0.117981521,-0.307909605,-0.241351241,-0.314054367,0.047619048,-0.369829081,-0.387903225806452,-0.444702242846094,-0.0218340611353711,0.0646929824561405,-0.169051404345522
"158","EOG",0.914632264147406,1.175609756,1.09375,0.036606374,0.853191489,0.789308176,0.263721553,-0.075,-0.219040095,1.36755270394134,-1.05944350758853,-0.0710659898477157,0.00247892910262752,-0.0369747899159663
"159","EQIX",3.5554851393713,0.724137931,NA,0.90802213,-0.190217391,-0.154786151,-0.112016293,0.028368794,1.718108276,1.47872340425532,-1.48412698412698,-0.0777027027027027,0.0764392839864537,0.55
"160","EQR",0.153822277495999,-0.453020134,0.278481013,0.492745836,-0.457089552,-0.653121319,-0.428891377,-0.505617978,0.242332831,-0.325503355704698,-2.14810810810811,-0.337704918032787,-0.272907379891035,NA
"161","EQT",0.127838096072956,1.520376176,-0.863636364,0.001304348,0.109090909,0.093880389,-0.047426842,-0.214285714,0.82195122,2.14375,2.11977715877437,-0.0901639344262294,0.0406108989934051,0.177033492822967
"162","ES",0.78022424488292,0.400900901,0.727272727,0.554411106,0.103053435,-0.101090188,-0.110749186,-0.101694915,0.73578146,1.50126582278481,-0.235849056603774,-0.161538461538462,0.0757776307081403,-0.271662763466042
"163","ESRX",0.264936000687755,2.059288538,NA,5.308724832,-0.126153846,-0.373361925,-0.126857143,-0.70979021,1.169289802,2.54274509803922,1.48314606741573,-0.526148969889065,-0.39082487869431,0.0603096984515078
"164","ESS",0.912741834233359,4.298387097,0.682692308,1.44521784,2.365384615,1.145061728,0.647058824,-0.473988439,1.865546218,8.21276595744681,-47.3333333333333,-0.327702702702703,-0.236505563859824,-0.50609756097561
"165","ETFC",1.9906493191016,2.981481481,NA,0.352567802,2.181818182,1.785100287,NA,-0.813953488,0.153021442,2.91082802547771,0.0119165839126117,0.0431654676258993,-0.82312925170068,0.605759682224429
"166","ETN",0.575559410365013,0.699745547,0.764705882,0.632900433,0.231469441,0.019769357,0.012254902,-0.066666667,0.271356471,1.21111111111111,2.15588235294118,-0.209205020920502,0.165959703075292,-0.115581565471836
"167","ETR",0.14081481980449,-0.698013245,0.054216867,-0.062877166,-0.737463127,-0.664482307,-0.67324291,0.612612613,-0.013803544,-0.689100219458669,5.92462311557789,0.300668151447661,0.241896272285251,0.0569105691056911
"168","EW",1.70540716218476,1.727272727,NA,1.543001686,-0.094220111,0.170486305,-0.091588785,0.363636364,1.047079857,1.47457627118644,2.68303571428571,0.304054054054054,0.0144927536231884,-0.499073502161828
"169","EXC",-0.11988088691309,0.058666667,-0.376190476,0.347806005,-0.298924731,-0.241881299,-0.23853211,0.282352941,0.771876982,0.511022044088176,-1.12823674475956,0.02088772845953,0.286037053773159,0
"170","EXPD",0.200726136771681,0.502793296,0.68,0.215835141,0.191229331,0.238349515,0.233497537,NA,0.125365854,0.266839378238342,0.0395778364116095,0.090909090909091,NA,0.391904323827047
"171","EXPE",1.58345636210628,-0.290322581,1.071428571,0.398801291,-0.693593315,-0.549767922,-0.549120235,0.438596491,1.916787475,-0.199152542372881,0.324817518248175,0.381756756756757,0.135758196721312,0.952107279693487
"172","EXR",2.7816609606604,5.962962963,4.571428571,0.653809972,2.108490566,2.926553672,0.974736842,0.732142857,2.348484848,8.58,-11.5357142857143,0.283400809716599,0.383308238330824,-0.945945945945946
"173","F",-0.106259277143148,-0.615384615,NA,4.369426752,-0.739388795,-0.915737519,-0.782026769,-0.253807107,0.150531322,-0.623905407411072,1.0118375523584,-0.377422072451559,0.200060259114191,-0.446866485013624
"174","FAST",0.378324617497223,0.661157025,0.969230769,0.477987421,-0.086343612,0.099578705,-0.073591414,NA,0.586917239,0.61731843575419,2.14189189189189,0.2,NA,0.0388059701492536
"175","FBHS",NA,-14.17391304,NA,0.229809104,-10.86666667,-6.52173913,-11.93220339,2.222222222,0.587439904,-14.1388888888889,3.06542056074766,0.232558139534884,1.5546218487395,0.0599369085173502
"176","FCX",-0.706082396987361,-0.738493724,NA,-0.702469136,-0.672506739,-0.202160494,-0.678653405,5.391304348,-0.214415709,-0.601535087719298,-0.199216837983358,1.28292682926829,1.84158415841584,0.182584269662921
"177","FDX",1.40565259372894,1.422319475,2.333333333,0.178921058,0.140540541,1.005,0.225,7.454545455,0.534678404,1.06404958677686,-1.30642504118616,0.677777777777778,4.04269293924466,-0.0645546921697549
"178","FE",-0.259455569642346,-2.755656109,-0.345454545,-0.538954793,-2.87037037,-5.182490752,-1.685873606,3.559322034,-0.137839833,-2.94802259887006,0.231847133757962,2.0252808988764,0.50421432871764,0.0316622691292876
"179","FFIV",0.268210527241922,1.195945946,NA,0.377236936,0.067395264,0.522498908,0.522498908,NA,0.814236111,0.746887966804979,0.832020997375328,0.422535211267606,NA,0.114583333333333
"180","FIS",2.00794190344451,1.568627451,4.8,0.330670217,0.558208955,0.760989011,0.385435169,0.014285714,0.587989556,1.8063829787234,0.295063145809414,0.0610328638497652,-0.0481637567730282,0.099195710455764
"181","FISV",3.10567079471617,0.762195122,NA,0.007117438,1.217468806,2.248797251,1.130044843,0.808080808,0.313350242,1.63983050847458,0.57161629434954,0.438931297709924,0.26501860712387,0.24390243902439
"182","FITB",1.13708886953643,1.398305085,1.142857143,0.577567371,0.53125,0.486744433,NA,0.302631579,-0.025615436,0.69159599074788,-0.419517102615694,0.0350109409190372,0.265700483091788,NA
"183","FL",1.54207463492766,3.588785047,0.833333333,0.528244275,1.945945946,1.964747356,2.139322917,-0.285714286,0.538126362,2.92899408284024,1.40174672489083,-0.006993006993007,-0.300211416490486,NA
"184","FLIR",0.316936333106976,-0.442028986,1.5,0.362362362,-0.642857143,-0.572829132,-0.591346154,0.4375,0.165803109,-0.515837104072398,0.316831683168317,0.125,0.297227036395147,-0.185478547854786
"185","FLR",-0.236437034201798,-0.6,0.68,0.203589744,-0.72459893,-0.656413233,-0.708090615,2.2,-0.165091313,-0.678451178451178,-0.422101449275362,0.14344262295082,1.76996805111821,0.149933065595716
"186","FLS",0.26216913822707,-0.992156863,0.76744186,-0.055594652,-0.99470339,-0.991836735,-0.993448481,3.55,-0.188248337,-0.993006993006993,1.26363636363636,0.455882352941177,2.12972420837589,-0.239319965126417
"187","FLT",4.1574005563611,3.494318182,NA,3.102040816,-0.086563307,0.068292683,-0.237465181,1.323529412,3.326923077,4.03401360544218,1.2781954887218,0.076923076923077,1.14023372287145,-0.61702776930119
"188","FMC",0.931407927252968,0.564705882,1.2,0.671610169,-0.326254826,-0.251215559,-0.501454898,0.777777778,-0.148016578,0.465753424657534,0.302083333333333,0.135761589403974,0.539914974019839,-0.0510450160771704
"189","FOX",0.871454897684213,0.528846154,1.4,-0.277827248,0.265392781,1.002991027,0.35519802,1.384615385,-0.146834306,0.0777656078860898,0.0327272727272727,0.538095238095238,0.554588607594937,0.250734573947111
"190","FOXA",0.980987860514562,0.528846154,1.4,-0.277827248,0.265392781,1.002991027,0.35519802,1.384615385,-0.146834306,0.0777656078860898,0.0327272727272727,0.538095238095238,0.554588607594937,0.250734573947111
"191","FRT",0.550152304395917,0.74122807,0.455882353,0.388999009,0.166666667,0.151391162,-0.129438717,-0.108571429,0.549728752,1.01388888888889,59,-0.0165016501650164,-0.0941564071440957,0.0609418282548477
"192","FTI",-0.339340070899649,-0.958041958,-0.878504673,-0.302951594,-0.896328294,-0.916155419,-0.84298441,-0.333333333,0.705096263,-0.828267477203647,-1.11780104712042,-0.325878594249201,NA,-0.100178890876565
"193","GD",1.8546117066559,0.391557496,0.792349727,0.019366658,0.14552737,0.365738308,0.266538215,0.166666667,-0.05214677,0.152810768012668,0.24136690647482,0.159090909090909,0.0142857142857143,0.980407523510972
"194","GE",0.432370147667554,-1.585365854,0.37704918,-0.254885302,-1.943820225,-1.801437556,-2.033195021,-0.269230769,-0.153047379,-1.40887569783054,-0.878989811193201,-0.0454545454545455,-0.199160325373918,-0.746442733846513
"195","GILD",2.62278371994601,0.983050847,NA,3.677339901,-0.625450799,-0.471117105,-0.59795501,0.336283186,2.113536076,0.650499286733238,2.22440832620473,0.33852140077821,-0.00971093044263775,-0.51418439716312
"196","GIS",0.50306780830669,0.025925926,0.714285714,-0.286727457,-0.229524772,0.171793194,-0.155405405,1.034482759,0.049663978,-0.0778642936596218,0.855353075170843,0.720136518771331,0.184175531914894,0.20096463022508
"197","GLW",0.673951861892666,-1.370786517,1.695652174,0.343837535,-1.205741627,-1.295602019,-1.260047281,2.181818182,0.282129278,-1.17718360071301,-0.735799207397622,0.553030303030303,1.03764705882353,0.688946015424165
"198","GM",0.331264712554369,-1.57860262,NA,0.354897494,-1.334579439,-1.347089947,-1.160447761,3.571428571,-0.031195933,-1.42045701849837,-10.4715073529412,0.165067178502879,2.92478421701603,0.962209302325581
"199","GOOG",2.26122410315702,0.20886501,NA,NA,-0.535164099,-0.534297964,-0.491504091,-0.6,1.924548213,0.300400534045394,1.12276444684102,0.032,-0.51338199513382,0.115294117647059
"200","GOOGL",2.30009111672761,0.20886501,NA,1.677125266,-0.535164099,-0.534297964,-0.491504091,-0.6,1.924548213,0.300400534045394,1.12276444684102,0.032,-0.51338199513382,0.115294117647059
"201","GPC",0.691447533162965,0.167597765,0.5,0.244732577,-0.417670683,-0.078934386,-0.349809886,3.166666667,0.309013564,0.0920353982300885,0.262955854126679,0.725118483412322,1.42136150234742,-0.214889336016097
"202","GPN",2.79837188774612,1.315384615,0,NA,-0.536082474,-0.396871945,-0.518847007,4.217391304,1.137096774,1.23923444976077,-0.459901800327332,0.212014134275618,3.05707762557078,-0.536
"203","GPS",0.312659947970263,-0.10106383,1.3,-0.015850144,-0.44,-0.075633383,-0.241456835,0.954545455,0.058101473,-0.438538205980066,0.0067396798652064,0.514450867052023,0.301587301587302,0.517241379310345
"204","GRMN",0.575819056287844,0.378277154,0.275,0.22715736,0.184402924,0.165254237,0.170622194,NA,0.118883653,0.333973128598848,-0.348271446862996,-0.0364963503649635,NA,-0.132450331125828
"205","GS",0.786411036122971,0.997782705,1.071428571,0.451844337,0.518518519,0.383561644,NA,0.099041534,0.025059873,-0.035119315623593,-2.02277503543326,-0.0510204081632654,0.158056042031524,0.142697881828317
"206","GT",1.34765587540301,0.087301587,NA,3.982843137,0.067357513,-0.894282932,-0.459816887,-0.942797712,-0.324592612,0.0087463556851312,-2.02592592592593,-0.947598870056497,0.0942712110224801,-0.265470297029703
"207","GWW",0.337151714203649,0.104740904,1.007936508,-0.13529898,-0.338350785,0.223201175,-0.309082892,18,0.290542213,-0.109422492401216,0.491803278688525,0.916201117318436,9.46701846965699,0.211783439490446
"208","HAL",0.0763547495198981,-1.172077922,1,-0.212527964,-1.131559497,-1.216687422,-1.12066204,2.378378378,-0.169519513,-1.16308559351884,0.497948016415869,0.681564245810056,1.04320078546883,-0.0647414997671169
"209","HAS",1.37711595922892,0.106382979,0.930434783,0.463687151,-0.184631804,-0.154663518,-0.198662207,-0.060606061,0.215585628,0.0311688311688312,0.986531986531986,-0.00687285223367698,-0.05573577115895,0.0606786427145708
"210","HBAN",1.24062375428047,0.694915254,2.5,0.540308748,0.147368421,0.10273327,NA,0.516129032,0.646541842,1.1841620626151,0.212956581667815,-0.012014787430684,0.553602811950791,NA
"211","HBI",2.28556510562975,-0.746268657,NA,0.78125,-0.868035191,-0.848915831,-0.873156342,1.033962264,0.395514341,-0.767790262172285,6.29487179487179,0.697635135135135,0.198170051327829,0.122536418166238
"212","HCA",NA,0.197183099,NA,-0.168669528,-0.351184346,NA,NA,NA,0.341721528,-0.101014198782961,0.0696539485359361,NA,-0.054921968787515,0.0545994065281898
"213","HCP",-0.117509378007195,-0.317829457,-0.229166667,-0.455637708,-0.173134328,0.211783439,-0.269645609,0.704545455,0.007536232,-0.23191094619666,0.391634980988593,0.336683417085427,0.274085637823372,0.933333333333333
"214","HD",3.29824725110111,2.208955224,1.936170213,-0.598797251,1.258495146,7.568807339,1.422047244,10.2173913,0.391164316,1.38376273217496,1.33935224992835,3.67924528301887,1.39723502304147,0.748148148148148
"215","HES",-0.331384921130658,-3.618762475,1.5,-0.24765343,-4.485776805,-4.330920372,-3.363961814,0.8125,-0.857900484,-3.39224897240164,-0.509396636993076,-0.009478672985782,0.908262849707222,-0.65390625
"216","HFC",0.0915989389772797,-0.295950156,2.882352941,0.131677019,-0.452054795,-0.538062284,-0.541728213,1.043478261,-0.077007772,-0.213098729227761,-0.295643153526971,0.00505050505050506,0.958565737051793,-0.518817204301075
"217","HIG",1.25859025028495,-7.15,1.35,-0.038430904,-8,-8.006802721,NA,0.206896552,-0.223477744,-5.72960725075529,-0.148636763412489,0.227205882352941,-0.0325581395348837,2.13274336283186
"218","HII",NA,-6.102439024,NA,0.604395604,-5.796178344,-3.605751391,-19.56701031,-0.652380952,0.131711027,-6.09574468085106,0.305135951661631,-0.472383720930233,-0.341751393899639,0.572995780590717
"219","HOG",0.378990864683893,0.184313725,2.106382979,-0.020390071,-0.162679426,0.07027027,-0.206185567,0.566037736,0.063064759,-0.128547579298831,0.147988505747126,0.3525,0.157815252957463,0.193548387096774
"220","HOLX",1.19647990605461,3.474576271,NA,-0.070535714,2.659259259,4.496415771,1.655737705,0.549019608,0.709893795,3.81528662420382,-1.25255102040816,0.406862745098039,0.0989099717400081,0.262264150943396
"221","HON",1.50913224484746,-0.180076628,1,0.865116279,-0.45112782,-0.530909091,-0.630651341,0.140625,0.109638917,-0.199322689888728,1.42506142506143,-0.0652173913043479,0.225043277553376,-0.177863436123348
"222","HP",0.00888142793546819,-1.30075188,10.2,0.281270465,-1.209178228,-1.208537439,-1.192846034,0.714285714,-0.290487421,-1.29493087557604,-1.14134275618375,0.0130718954248366,0.627659574468085,-0.194565217391304
"223","HPQ",0.191429066452725,-0.554216867,0.325,-1.13556701,0.464991023,NA,NA,NA,-0.590899446,-0.642917726887193,-0.595679012345679,NA,0.174112256586483,0.317989097516657
"224","HRB",0.720480791540153,0.458015267,0.466666667,-2.151785714,0.889460154,NA,NA,NA,-0.165934066,0.00738916256157635,0.0244444444444444,NA,1.74900793650794,-0.360846560846561
"225","HRL",1.42433048312765,0.804597701,1.615384615,0.787276342,0.11023622,-0.037333333,-0.025553663,-0.444444444,0.161241292,0.786919831223629,1.00253807106599,-0.11875,-0.390492359932088,-0.197552447552448
"226","HRS",1.78991408769531,-0.034782609,1.12,0.238434164,-0.535250464,-0.262863981,-0.4297164,0.546666667,-0.004219409,-0.0595238095238095,-0.114173228346457,0.396761133603239,0.0992815153494447,-0.55732044198895
"227","HSIC",1.48694178143858,0.291457286,NA,0.388101983,-0.294191919,-0.044795784,-0.238059136,1.133333333,0.460961313,0.103260869565217,-0.0884086444007859,0.425641025641026,0.389021479713604,0.00426894343649957
"228","HST",0.203215779490495,-39,4.714285714,-0.002083333,-41.66666667,-36.13043478,1.545098039,-0.348837209,0.077831132,-38.6,7.00840336134454,-0.142857142857143,-0.232389580973952,1.42857142857143
"229","HSY",0.94811791658117,0.335766423,0.847826087,-0.053398058,-0.023480663,0.281497981,-0.113050377,0.09223301,0.235816478,0.24483306836248,3.25751072961373,0.167307692307692,-0.0657630522088355,0.170165745856353
"230","HUM",2.11983911354016,0.986997636,1.52,0.699645168,0.10965435,0.259239704,NA,1.285714286,0.4597904,0.725158562367865,1.03404500865551,0.254545454545454,0.872998932764141,-0.462328767123288
"231","IBM",-0.0776149353734393,-0.529862175,1.034482759,0.110647182,-0.656272661,-0.562848972,-0.691813804,0.98245614,-0.259802088,-0.637149164301482,-0.1467817379274,0.231833910034602,0.61882951653944,-0.00630169358014967
"232","ICE",1.62910022502715,2.065217391,NA,2.341047503,0.938271605,-0.108796296,-0.17219917,-0.074074074,3.396382818,3.92941176470588,1.7648,-0.601036269430052,1.34913793103448,2.02631578947368
"233","IDXX",3.07654409263601,1.115107914,NA,-1.105263158,-0.033373063,NA,NA,NA,0.615258409,0.623456790123457,0.778443113772455,NA,146.416666666667,0.149525893508388
"234","IFF",1.32270390463509,0.141104294,1.293103448,0.507109005,-0.249452954,-0.29601892,-0.306430446,0.385714286,0.219153515,0.108614232209738,3.2258064516129,0.0148698884758364,0.352493338408831,-0.0941619585687382
"235","ILMN",2.2962062970183,6.935483871,NA,1.276670574,2.543123543,2.847769029,2.803339518,-0.426666667,1.606060606,7.3448275862069,1.01792114695341,-0.0637254901960785,-0.388632036986674,-0.0126262626262626
"236","INCY",6.72664938688546,0.026845638,NA,-6.818181818,-0.651382185,NA,NA,NA,15.34042553,0.67379679144385,0.228915662650602,NA,-0.992508583914265,4.93333333333333
"237","INTC",0.71370435009009,-0.167364017,0.384615385,0.640997831,-0.578619616,-0.476979742,-0.583265638,1.533333333,0.162262264,-0.258151753979292,0.0130404941660947,0.154838709677419,1.11044176706827,-0.113060428849903
"238","INTU",1.67450968727216,0.86,NA,-0.292110874,0.898373984,2.311320755,1.93456276,0.684210526,0.344326149,0.531545741324921,0.743949044585987,0.538461538461539,0.102354145342886,-0.142857142857143
"239","IP",0.967738987998581,0.693069307,0.917525773,-0.297520661,0.24609375,0.98043151,0.421744325,0.194244604,-0.164822924,0.598806860551827,-0.758575197889182,0.274509803921569,-0.0716357308584687,-0.24864446165763
"240","IPG",1.15561867514636,0.474747475,2,0.09375,0.14713217,0.198689956,0.167344173,0.074074074,0.123592302,0.0883458646616541,4.45112781954887,0.00347826086956514,0.0561914672216442,0.451265638638348
"241","IPGP",1.90273047581514,1.639004149,NA,3.155858931,-0.254569773,-0.373346241,-0.352358168,-0.5,1.97257384,1.94915254237288,7.20588235294118,-0.145985401459854,-0.314285714285714,-0.195826645264848
"242","IR",1.68763868787005,4,2.953488372,0.063429914,3.13559322,3.09978308,1.82231405,-0.023809524,-0.039507509,2.79591836734694,0.380699893955461,-0.0590405904059041,0.0583279325988333,0.191433566433567
"243","IRM",0.303888842769775,-0.658415842,1.382978723,-0.335015136,-0.716981132,-0.648725212,-0.457252642,0.140684411,0.275621891,-0.535353535353535,-0.212987012987013,-0.0144329896907215,0.156336214824352,-0.153333333333333
"244","ISRG",1.5136620285533,0.379562044,NA,1.197610752,-0.406387665,-0.405392621,-0.405392621,NA,0.780876494,0.333333333333333,0.601680672268908,0.0517241379310345,NA,-0.0863309352517985
"245","IT",2.09350157331233,-0.971223022,NA,3.572115385,-0.993184031,-0.991512865,NA,2.554216867,1.253914227,-0.978102189781022,-0.327102803738318,-0.0237154150197628,2.6623735050598,-0.4703375942314
"246","ITW",1.79123272049518,0.159904535,1.042857143,-0.276794494,-0.128099174,0.786148807,-0.138839019,3.657142857,-0.195254961,-0.185417672621922,0.31398252184769,1.03333333333333,1.2967542503864,0.0721123165283983
"247","IVZ",0.529927529219855,0.751592357,1.395833333,0.145903479,0.038147139,0.515151515,0.757847534,-0.024691358,0.260997067,0.543835616438356,0.469078179696616,0.529411764705882,-0.390420495683654,-0.0220000000000001
"248","JBHT",1.26182320156829,1.928909953,0.769230769,2.147887324,0.362139918,-0.063900599,0.235757295,-0.520325203,0.588248288,1.66926070038911,1.46616541353383,-0.3925,-0.211738002594034,0.485950413223141
"249","JCI",0.728581120502446,-0.169902913,0.5625,0.309919901,-0.5221843,-0.529908973,-0.564597315,0.43902439,-0.261087846,-0.00800492610837438,4.34538152610442,-0.0557620817843866,0.516795865633075,-0.466804979253112
"250","JEC",0.320604687145323,-0.069230769,NA,0.353644427,-0.361426256,-0.376514445,-0.356850716,NA,-0.034579079,-0.11178247734139,2.31159420289855,-0.0874316939890711,106,-0.1703552708212
"251","JNJ",1.04169794379784,-0.865329513,0.475555556,0.224145584,-0.902575588,-0.883078731,-0.896191187,1.217391304,0.175611256,-0.865591397849462,0.538185006576063,0.311557788944724,0.709027169149869,-0.0784103114930183
"252","JNPR",-0.0749696889969242,0.012658228,NA,0.070561457,-0.318872017,0.022544283,-0.195164076,2.285714286,0.129916835,-0.28,0.540277777777778,0.48936170212766,1.16983016983017,0.498269896193772
"253","JPM",1.33768169668354,0.408482143,1.12,0.466378378,0.125,-0.034280118,NA,-0.150684932,0.024579879,0.287995362563238,-1.0260705499729,-0.144297905352987,-0.0105913503971756,-0.014760147601476
"254","JWN",-0.0244642071736483,-0.265454545,0.947368421,-0.454153182,-0.478808706,0.191969519,-0.260558804,1.321167883,0.521340206,-0.422512234910277,0.0308483290488432,1.44715447154472,-0.0545845657434795,-0.906813996316759
"255","K",0.293882042894285,0.521008403,0.269461078,-0.126760563,-0.221793635,-0.020210057,-0.190232822,0.237762238,-0.02083649,0.0308692120227457,0.143856143856144,0.0931952662721893,0.133238837703756,-0.148296593186373
"256","KEY",1.3287101415872,0.298850575,2.8,0.319444444,-0.011111111,-0.01659292,NA,0.03030303,0.487852761,0.408695652173913,-0.016743648960739,0.0650054171180931,-0.0363805970149254,NA
"257","KIM",0.170394152582478,2.222222222,0.493150685,0.048843188,1.849557522,2.048245614,0.748344371,0.172413793,0.311135371,1.5207100591716,8.16417910447761,0.0634146341463416,0.0793032317212927,0.153846153846154
"258","KLAC",1.27181876631553,0.261802575,1.14,-0.572180012,-0.046461372,1.953712633,-0.015372168,6.769230769,0.096062992,0.16624685138539,0.348445595854922,1.55828220858896,2.03571428571429,-0.220363636363636
"259","KMB",0.918466105454447,0.604010025,0.385714286,-0.943468296,0.887792848,29.33403509,1.073859987,8.990291262,-0.124100547,0.431803896920176,0.624242424242424,5.52845528455285,0.528501055594651,0.137751303052867
"260","KMI",NA,-0.986486486,-0.324324324,2.695348837,-0.982954545,-0.996129032,-0.939834025,-0.759259259,0.65839787,-0.691919191919192,0.212875536480687,-0.745945945945946,-0.199219442966117,-0.315436241610738
"261","KMX",1.1526348842115,0.975757576,NA,0.592118227,-0.496917386,0.15640599,-0.669966997,1.235294118,0.768605169,0.645669291338583,8.42553191489362,0.758389261744967,0.218684394681596,-0.462857142857143
"262","KO",0.330812144889316,-0.843243243,0.574468085,-0.292915531,-0.873327386,-0.77274388,-0.871553463,3.255813953,-0.239181814,-0.854409706019599,-0.171345743057675,1.03557312252964,1.11551925320887,-0.321951219512195
"263","KORS",NA,NA,NA,NA,0.558988764,-0.321656753,0.208684654,NA,4.595267746,6.57534246575342,15.5,-0.526645768025078,NA,-0.424937655860349
"264","KR",1.2674068997888,1.356321839,1.25,0.676814988,0.162839248,0.314882033,0.077777778,0.282608696,0.403314312,0.769713261648746,-0.604008293020041,0.227477477477477,NA,0.259052924791086
"265","KSS",-0.195901940335594,-0.150273224,NA,0.054238506,-0.509592326,-0.253581662,-0.372582002,3.142857143,0.016040455,-0.500897666068223,0.508196721311475,0.568862275449102,0.664510913500404,NA
"266","KSU",0.741190043969311,2.053333333,NA,0.636663914,0.920863309,0.758675079,0.534534535,-0.155172414,0.231172545,1.91515151515152,1.7972027972028,-0.0982142857142858,-0.0766691122523844,0.431226765799257
"267","L",0.196981057805432,0.316793893,0,0.196074337,0.064285714,0.091068301,NA,0.234042553,-0.027748283,0.093984962406015,-0.498391248391248,0.0349999999999999,0.207006369426752,-0.263029315960912
"268","LB",0.330728958017517,0.644628099,3,-1.904347826,0.175972927,NA,NA,NA,0.308020389,0.438509316770186,-0.108910891089109,NA,0.79521481862619,0
"269","LEG",1.15824765646408,1.048076923,0.290909091,-0.067156348,0.72972973,1.342465753,0.750620347,0.4375,0.084708471,0.915032679738562,0.118110236220472,0.324444444444444,0.0780759846636458,-0.0300925925925926
"270","LEN",1.99484540703638,6.191489362,0,1.243763364,3.611650485,2.126436782,1.297520661,-0.278571429,3.085945073,7.80434782608696,-4.28996282527881,-0.3,-0.0314622000905387,-0.07
"271","LH",0.659479546123894,1.389432485,NA,1.311418685,-0.023724792,-0.016738403,-0.033524121,0.120481928,0.883976904,1.43846153846154,0.613540197461213,-0.00816326530612245,0.112903225806452,-0.0912280701754387
"272","LKQ",1.61663114908927,1.408450704,NA,1.42936803,-0.210457516,0.016,-0.153292181,0.392857143,1.977675841,1.54285714285714,1.72,0.143589743589744,0.209254143646409,0.245175936435868
"273","LLL",1.44727105897514,-0.059668508,0.666666667,-0.051145602,-0.106969206,-0.013342697,-0.047115385,0.064516129,-0.368910278,-0.2918410041841,-0.320433436532508,0.0683760683760684,-0.0175569667538289,-0.29
"274","LLY",1.23119344494707,-1.048717949,0.06122449,0.041538462,-1.036431227,-1.047476859,-1.038219424,1.15,-0.058302796,-1.04692891649413,-0.377120173222663,0.558232931726907,0.364140480591497,-0.0706910246227165
"275","LMT",2.72056990251924,-0.117797695,1.295384615,-0.192096597,-0.417582418,3.288488826,-0.587173792,NA,0.097830061,-0.245951035781544,0.622473974280465,NA,0.707159624413146,0.155625
"276","LNC",1.8123491584406,12.36231884,2.782608696,0.460652216,4.133333333,5,NA,-0.263157895,0.340447537,6.07142857142857,-0.382928739232576,0.135380321004885,-0.345864661654135,8.4
"277","LNT",1.06507907336143,0.452554745,0.482352941,0.328402367,0.0375,0.151975684,-0.028263795,0.079545455,-0.077216917,0.457943925233645,9.45744680851064,0.0761904761904763,0.0272303833751344,-0.13265306122449
"278","LOW",2.37763134318445,1.443661972,2.166666667,-0.458146487,0.545605307,3.021276596,0.788546256,5.222222222,0.331906176,0.538805970149254,0.763773285770908,1.8763440860215,1.15618556701031,NA
"279","LRCX",2.45678932119907,0.595854922,NA,1.086543272,-0.370705244,-0.218091335,-0.389355742,0,1.474984558,1.34530386740331,1.48275862068966,0.0853658536585367,-0.113736263736264,-0.0521978021978022
"280","LUV",4.47400913295201,24.17391304,44,0.781883194,12.59433962,12.64206642,8.482517483,-0.288888889,0.352088389,18.5955056179775,3.33093525179856,-0.0836501901140684,-0.231395348837209,0.6
"281","LYB",1.56348678866283,2.270053476,5.454545455,-0.246041413,1.210585586,2.348789284,0.85379783,1.526315789,-0.324306848,1.27247321844434,1.01154480483782,0.356481481481481,0.867200915855753,0.000604594921402755
"282","M",-0.0705142519885547,0.005050505,6.45,-0.045941807,-0.242574257,-0.128019324,-0.188720174,0.206349206,0.03099628,-0.269185360094451,-0.111888111888112,0.230563002680965,-0.0257472625036992,0.38421052631579
"283","MA",3.26753883352816,1.466216216,10,0.297239915,0.002561475,1.04443799,0.082135524,NA,0.861334525,1.05403987408185,1.04706820901476,1.14285714285714,NA,0.189681335356601
"284","MAA",0.607428435697034,1.183206107,0.386454183,2.308928571,0.357487923,-0.353612167,-0.094455852,-0.691304348,2.405345212,5.69387755102041,-3.5843137254902,-0.485795454545455,-0.392710706150342,NA
"285","MAC",0.250297483074193,-0.13559322,0.4,0.291059281,-0.258706468,-0.318181818,-0.464342314,-0.090909091,0.256637168,-0.0700636942675159,-39.6,-0.074468085106383,-0.0282010860045543,0.481751824817518
"286","MAR",2.23023224210141,5.563636364,2.307692308,8.8125,1.146616541,-0.387005076,0.135559921,NA,0.858731834,5.92929292929293,1.41225961538462,NA,0.0654083957045233,-0.438892640108035
"287","MAS",2.74924569530846,-2,0.366666667,-1.14010989,-2.334228188,NA,NA,NA,0.023704299,-1.92695652173913,5.56818181818182,NA,0.242417582417582,0.484437350359138
"288","MAT",-0.211371786159769,-2.408256881,-0.010869565,-0.418862691,-2.194083694,-2.959781868,-2.134306569,3,-0.220874561,-2.37061118335501,-1.68565400843882,1.28571428571429,0.741020793950851,-0.176979071883531
"289","MCD",0.771501901018279,0.208728653,0.513833992,-1.335375191,-0.054309327,NA,NA,NA,-0.155002592,-0.0565146283845175,-0.163348416289593,NA,1.37574768896139,0.444444444444444
"290","MCHP",1.26471162276622,-0.669767442,0.051094891,0.171548117,-0.837696335,-0.757587859,-0.84737087,3.684210526,1.291862811,-0.606205250596659,1.14847161572052,0.432926829268293,2.22478632478632,0.0180032733224222
"291","MCK",0.905371178863664,3.973741794,0.555555556,0.272251309,1.12039312,2.107361963,1.23447205,0.32,0.771287606,3.21797004991681,1.14461538461538,0.285046728971963,0.0353143841515935,0.00470746469401481
"292","MCO",2.73287394738813,1.068273092,1.814814815,1.325301205,-0.318957346,NA,NA,NA,0.843859649,0.753064798598949,-0.108695652173913,NA,0.458851674641148,-0.216089254257193
"293","MDLZ",0.285821314329891,-0.049751244,-0.293103448,-0.155072464,0.257372654,0.148036254,0,-0.242424242,-0.523664122,-0.171533881485682,-0.425609312477264,-0.093984962406015,-0.164772727272727,-0.175516224188791
"294","MDT",1.19904097107338,0.01048951,0.911111111,1.512891986,-0.618147448,-0.611166008,-0.58033033,0,0.864683362,0.301033591731266,0.761979329783902,0.0366492146596859,-0.0270067516879219,-0.554140127388535
"295","MET",0.405822460160129,-0.371527778,1.162162162,-0.047159888,-0.454545455,-0.499192246,NA,-0.288888889,-0.113204862,-0.425583727259705,0.193683187560739,-0.0822737471952131,-0.220238095238095,-0.0889679715302491
"296","MGM",1.4491268593209,-0.403914591,NA,-0.128325509,-0.492123031,-0.590491469,-0.602852204,-0.25,0.372658937,-0.370786516853933,-0.0855614973262032,-0.160087719298246,-0.0968143797828795,0.129943502824859
"297","MHK",3.38808740031663,4.150793651,NA,0.835412475,2.074204947,1.911538462,1.060037523,-0.371428571,0.682204892,4.58620689655172,10.52,-0.0604395604395605,-0.335905349794239,0.164556962025316
"298","MKC",1.0562887708964,0.333333333,0.678571429,0.597510373,-0.362086259,-0.068599428,-0.349336702,1.703125,0.307546659,0.275401069518717,1.60082304526749,0.592156862745098,0.693554764729142,-0.488995215311005
"299","MLM",1.75658656139867,5.320224719,0.075,1.177995574,2.294339623,1.776247849,1.233716475,-0.226666667,1.313885648,7.69512195121951,1.38461538461538,-0.139013452914798,-0.104222025391202,-0.162287480680062
"300","MMC",1.63173328142377,0.603351955,0.662790698,0.165824916,0.196594427,0.358420728,0.113747954,0.577777778,0.216727399,0.502517623363545,0.116491228070175,0.0570342205323194,0.481823427582227,0.076063829787234
"301","MMM",1.36955816602414,0.330536913,1.136363636,-0.163800164,-0.011535689,0.612481858,0.009541985,2.5,0.069095944,0.134251692738735,0.246350832266325,0.604878048780488,1.21766342141864,0.0278219395866454
"302","MNST",3.15662908142618,1.784313725,NA,2.735955056,-0.21648164,-0.282601831,-0.280101394,NA,0.978273635,1.87062937062937,1.95379537953795,-0.115107913669065,NA,-0.415940224159402
"303","MO",1.63271718123554,2.237804878,0.607594937,1.962962963,1.515350877,-0.049594347,0.642979452,-0.761235955,0.53896143,2.01533923303835,0.346351197263398,-0.720119521912351,-0.149224259520451,0.917808219178082
"304","MOS",-0.630916038942677,-1.055160142,2,NA,-1.033994334,-1.04534413,-1.04787472,6.285714286,-0.254402737,-1.04256165473349,-0.901202749140893,0.426470588235294,4.42650103519669,-0.3264
"305","MPC",NA,1.012012012,5.608695652,0.890547264,-0.24795082,-0.076523031,-0.206577595,1.514285714,-0.050515189,0.463792381749686,0.825329566854991,0.291512915129151,1.27990617670055,-0.548797736916549
"306","MRK",0.823070700153605,-0.569306931,0.211538462,-0.217870932,-0.559865093,-0.440382942,-0.562098501,1.214285714,-0.16494266,-0.618303571428571,-0.572326454033771,0.326424870466321,0.611111111111111,-0.00508905852417303
"307","MRO",-0.493210647917176,-2.629539952,-0.75,-0.418067227,-3.976519337,-3.717361111,-3.4386121,0.740740741,-0.704925776,-2.94263408010862,-0.932177144626819,0.0329670329670329,0.675167785234899,0.336012861736335
"308","MS",1.11781982223554,1.495934959,3.5,0.258785942,1.481481481,1.128272251,NA,-0.174041298,0.106440762,0.486861313868613,-2.14014869888476,-0.00161420500403562,-0.180600796235975,0.0169491525423728
"309","MSCI",2.06570755014898,1.34751773,NA,-0.615754083,0.704099822,5.365688488,0.751136364,5.395061728,0.413984462,0.757225433526012,0.530172413793103,2.44725738396624,0.839907192575406,0.712328767123288
"310","MSFT",1.76305394318874,0.208178439,1.508196721,0.326979472,-0.5898191,-0.34500446,-0.566162822,4,0.28604721,-0.084060475161987,0.273509476845651,0.752631578947369,1.87602552415679,-0.404641044234953
"311","MSI",0.990808646901985,-1.278592375,3.386363636,-1.269210664,-1.317406143,NA,NA,NA,-0.222235767,-1.13385146804836,0.626453488372093,NA,5.61840490797546,0.965671641791045
"312","MTB",0.972081513070452,0.37007874,0.071428571,0.475847893,0.028037383,-0.101434426,NA,-0.4,0.382425135,0.639115250291036,0.58813160987074,-0.147788565264293,-0.298368298368298,-0.285472972972973
"313","MTD",2.53935265780222,0.734470158,NA,-0.225905937,0.327227311,1.205704408,0.339685565,1.868852459,0.180164573,0.397769516728625,1.13736263736264,0.652482269503546,0.741100323624595,0.0746500777604977
"314","MU",2.94309598354052,24.94117647,NA,0.722748815,13.32743363,15.33004926,8.85520362,1.409090909,1.312471552,29.4730538922156,-52.8030303030303,0.0919540229885057,0.887212643678161,0.0482758620689655
"315","MYL",0.755363967216711,0.06557377,NA,2.107843137,-0.575431034,-0.623265036,-0.557502738,-0.2421875,0.942577488,0.29608938547486,1.64852607709751,-0.189759036144578,-0.0706156233833419,-0.179674796747968
"316","NBL",-0.314547034250212,-2.874015748,0,-0.087323944,-2.724590164,-2.81152648,-2.19375,0.214285714,0.137892377,-3.46799116997793,0.64622641509434,-0.0442477876106193,0.260328920978741,-0.26890756302521
"317","NDAQ",1.87493049409766,1.013953488,NA,0.170901497,0.921568627,0.625313283,0.327692308,0.5,0.153286795,0.896640826873385,0.316695352839931,-0.0530035335689046,0.605030591434398,0.223744292237443
"318","NEE",1.53712279062072,1.479302832,0.786363636,0.566079911,0.641833811,0.564984709,0.536986301,-0.194244604,0.120852617,1.79667186687468,19.5957446808511,-0.0939947780678851,-0.104424292388019,-0.111111111111111
"319","NEM",-0.399034894239064,-1.246575342,-0.75,-0.261837456,-1.34057971,-1.329749104,-1.239726027,0.357142857,-0.29059664,-1.26775956284153,0.843161856963614,-0.0892018779342723,0.405974202308215,-0.778846153846154
"320","NFLX",5.01498342795073,1.118644068,NA,6.68,-0.69265233,-0.631730968,-0.645847176,1.919354839,2.648361934,1.47345132743363,-8.30970149253731,0.113207547169811,1.62317728319263,NA
"321","NFX",-0.457365163391578,-0.466165414,NA,-0.771578947,0.408256881,1.452830189,0.475840336,1.246753247,-0.284904897,-0.207792207792208,-0.680568720379147,0.537117903930131,0.467544122046066,0.300220750551876
"322","NI",2.15208414399322,-0.621359223,-0.239130435,-0.268926554,-0.551020408,-0.492537313,-0.571095571,0.392,-0.190064795,-0.568561872909699,3.16470588235294,0.115942028985507,0.243555849306015,0.0629213483146068
"323","NKE",1.56919527993821,1.281818182,1.333333333,0.47148289,0.309655172,0.579237483,0.355783309,8.333333333,0.646534369,0.987810595405532,0.83695652173913,0.230263157894737,7.10869565217391,-0.244263862332696
"324","NKTR",2.12441406762553,-0.478991597,NA,-0.737623762,-0.244949495,0.183227473,-0.308192956,38.85714286,3.338028169,-0.276119402985075,-0.268292682926829,0.88599348534202,NA,0.222222222222222
"325","NLSN",NA,4.217391304,NA,-0.052256532,3.534482759,3.609865471,0.268170426,0.377622378,0.187997108,4.10714285714286,1.9963503649635,0.268370607028754,0.0981165133596146,0.0187919463087248
"326","NOC",3.43542919812411,0.525265957,0.979695431,-0.207563204,-0.106040268,0.84715172,-0.038184438,4.368421053,-0.023057701,-0.0486307837582625,0.0356484326982176,1.01219512195122,1.66236281471917,-0.023156089193825
"327","NOV",-0.45389462090702,-1.134042553,-0.555555556,-0.083374567,-1.140073082,-1.141422594,-1.096885813,NA,-0.501705553,-1.11885656970913,-0.614457831325301,-0.0137931034482759,20.3333333333333,-0.183968462549277
"328","NRG",-0.0321940048985138,-9.705128205,NA,-0.890775988,-12.45714286,-105.9752066,-2.891364903,NA,0.170723648,-11.9289340101523,-1.23731728288908,NA,1.03702695344405,0.612179487179487
"329","NSC",0.775315375411864,2.414678899,0.469879518,0.442976804,1.266666667,1.016111708,0.804761905,-0.253333333,-0.055585392,1.82045929018789,0.433926897844424,-0.243055555555555,-0.0123552123552124,-0.254189944134078
"330","NTAP",-0.0755881586850835,0.058479532,NA,0.051470588,-0.419821826,-0.16372093,-0.380778589,NA,0.077298458,-0.243684992570579,-0.277827248441674,0.49561403508772,NA,-0.118993135011442
"331","NTRS",1.02391629395492,0.991902834,0.428571429,0.383086253,0.333333333,0.456120092,NA,0.546875,0.248275862,0.985099337748344,0.412231030577576,0.0546875,0.47682119205298,0.525641025641026
"332","NUE",0.441857489473372,0.673469388,0.04137931,0.135398981,0.549450549,0.484052533,0.522077922,-0.244897959,0.011386336,0.695372750642674,0.0185810810810811,-0.0717948717948717,-0.173775671406003,0.0911413969335605
"333","NVDA",7.86948057768357,4.976744186,NA,0.68207024,2.087719298,2.760969977,1.839108911,34,0.950324584,5.58498023715415,1.58823529411765,0.212765957446809,NA,0.0811855670103094
"334","NWL",1.80410253767313,12.4047619,2.034482759,2.99543379,3.125628141,2.22754491,1.364948454,-0.285714286,1.513554987,20.992,0.553254437869823,-0.297297297297297,0.0170183798502383,-0.503690036900369
"335","O",0.694502291272057,0.047619048,0.454022989,0.778694158,-0.335329341,-0.433548387,-0.389133627,-0.224299065,1.888361045,1.03184713375796,1.92976588628763,-0.173160173160173,-0.0638709677419355,1.62857142857143
"336","OKE",0.760443415192683,-0.232142857,1.518518519,0.30217186,-0.145454545,-0.120207927,-0.275324675,-0.277227723,-0.177765771,0.074792243767313,32.4583333333333,-0.501633986928105,0.29930332261522,-0.269938650306748
"337","OMC",0.765948359837302,0.396396396,1.25,-0.130848533,-0.048421053,0.69207884,0.062418726,1.065934066,0.10098753,0.141657922350472,0.654561558901683,0.629059829059829,0.254828660436137,0.00247371675943099
"338","ORCL",0.483137235100253,0.323353293,2.047619048,0.557961783,-0.403162055,-0.237819983,-0.43977591,1.405405405,0.059120768,0.0921960921960922,0.124581939799331,0.356756756756757,0.7675568743818,-0.563817980022198
"339","ORLY",2.65848723423918,2.41509434,NA,-0.672506739,0.593977155,4.930232558,1.302821748,15.28571429,0.550872344,1.23228346456693,0.185840707964602,5.00518134715026,1.71428571428571,0.0432432432432432
"340","OXY",-0.299989696516115,-0.795673077,0.663043478,-0.399510894,-0.744186047,-0.677536232,-0.751034891,1.8125,-0.477832512,-0.806380150642446,-0.681083350829309,0.275,1.26993865030675,0.096774193548387
"341","PAYX",1.01155335729777,0.584507042,0.483870968,0.278450363,0.269072165,0.188695163,0.258083832,NA,0.547642436,0.586407766990291,0.41042345276873,-0.0277777777777778,NA,1.25212464589235
"342","PBCT",0.420352128572462,0.763636364,0.095238095,0.093243243,0,0.6167979,NA,1.222222222,0.180341186,0.693467336683417,3.06382978723404,0.509469696969697,0.426966292134831,NA
"343","PCAR",0.484967924877333,0.660839161,0.65,0.43877551,0.144578313,0.162037037,0.431322208,0.321428571,0.221190058,0.607485604606526,-16.8,-0.090625,0.460829493087558,-0.0373149885345007
"344","PCG",0.487394688221877,0.528571429,-0.148351648,0.274732851,0.369318182,0.227146814,0.19844358,-0.051546392,0.145694036,0.934731934731935,-2.12374581939799,-0.138686131386861,0.102229701304165,-0.197132616487455
"345","PEG",0.422938040870478,0.047297297,0.255474453,0.294322709,-0.244532803,-0.227152318,-0.221978022,0.191780822,-0.180070403,0.0472388556220892,-1.70963364993216,0.0620689655172414,0.129096722621902,-0.0281030444964869
"346","PEP",0.73202823086818,-0.161290323,0.569306931,-0.380066445,-0.308871851,0.434768534,-0.279255319,2.12,-0.044794298,-0.24615862176005,0.253345227475468,1.07323943661972,0.496118560338744,-0.0717299578059071
"347","PFE",0.745099985950462,1.771653543,0.6,-0.144781145,1.372848948,1.765704584,1.320512821,0.093023256,-0.220674824,1.12888400439604,-0.232884822389666,0.0524017467248909,0.0504833512352308,-0.466232709519935
"348","PFG",1.27460677785508,3.12565445,1.671428571,0.252187029,1.086956522,1.84375,NA,0.5625,0.618025258,2.23076923076923,0.514683734939759,0.283950617283951,0.179245283018868,-0.30952380952381
"349","PG",0.403567539729434,0.422391858,0.370558376,-0.138275718,0.403225806,0.490174672,0.365947612,0,-0.211981734,0.299143850131389,-0.0560201511335013,0.0673076923076924,-0.0594865372573576,-0.158590308370044
"350","PGR",1.25973821712455,0.710691824,0.7,0.682824025,-0.065677966,0.078225336,NA,-0.142857143,0.730719629,0.566929133858268,1.53770260747005,0.109042553191489,-0.23613595706619,0.385097493036212
"351","PH",1.00127265746644,0.138147567,1.064,0.025641026,-0.292368682,-0.071096654,-0.30295858,1.967741935,-0.025676332,-0.0629170638703527,0.144791666666667,0.455445544554455,1.00255102040816,-0.223445239405614
"352","PHM",2.89886214333297,-3.618181818,NA,2.011928429,-2.543252595,-1.971926428,-2.391089109,-0.477987421,1.072274595,-3.12857142857143,-158.75,-0.343661971830986,-0.207134894091416,NA
"353","PKG",2.92106901728984,3.503184713,2.15,1.136363636,0.623167155,1.061925199,0.563318777,0.306818182,1.459541985,3.23417721518987,8.86538461538461,0.0923076923076922,0.216783216783217,0.0957767722473604
"354","PKI",1.68279935716054,36.71428571,0,0.336046512,24.63636364,29.65853659,8.272727273,0.392156863,0.174908902,35.625,0.283505154639175,0.168269230769231,0.191964285714286,-0.151543498596819
"355","PLD",0.852553507980631,-7,0.571428571,-0.001717623,-6.140186916,-5.626609442,3.093406593,-0.310344828,0.707762557,-11.797385620915,-2.80434782608696,-0.108490566037736,-0.156612254554057,0.528301886792453
"356","PM",0.6476444562114,-0.2,0.496453901,-6.967479675,-0.376961189,NA,NA,NA,-0.075537833,-0.297520661157025,-0.23546511627907,NA,0.745362949393176,-0.0354767184035477
"357","PNC",1.2429540264275,0.836879433,1.260869565,0.510395811,0.205357143,0.161843516,NA,0.151515152,0.13981572,0.746727748691099,-0.0556752278376139,0.00628140703517586,0.133545310015898,NA
"358","PNR",0.763523697451371,-46.375,0.725,0.255309535,7.2625,7.441176471,3.175,-0.582089552,0.428116864,18.6176470588235,1.22267206477733,-0.278481012658228,-0.427640603566529,-0.110394842868654
"359","PNW",0.959273554097909,0.40776699,0.266666667,0.290603086,0.108614232,0.100552486,-0.028571429,0.215189873,0.099969145,0.43952802359882,-2.20746887966805,-0.00874635568513127,0.248239436619718,-0.222929936305733
"360","PPL",0.458727996469037,-0.392592593,0.128571429,-0.1776,-0.287878788,-0.306174411,-0.342995169,0.108433735,-0.41532543,-0.245484949832776,-36.5,-0.0228426395939086,0.126943005181347,-0.179948586118252
"361","PRGO",-0.098754003515603,-0.768595041,1.37037037,NA,-0.912962963,-0.924026224,-0.926797386,-0.070175439,0.795281307,-0.648967551622419,1.21818181818182,-0.100478468899522,0.0247723132969035,-0.351567711807872
"362","PRU",0.905161469483001,1.508426966,1.068965517,0.508414526,0.523809524,0.476733143,NA,-0.46969697,0.217025181,1.14484451718494,0.0862890845923891,-0.0828367103694875,-0.430379746835443,NA
"363","PSA",0.840707597962904,1.045592705,1.191780822,-0.070135002,0.840983607,1.190875233,0.928849903,2.625,0.523401826,0.75,0.335978835978836,0.260115606936416,1.984375,NA
"364","PVH",0.722305529919093,7.382716049,0,0.815828622,3.243697479,2.73566879,0.765726681,-0.361904762,0.769031702,9.16666666666667,1.8207171314741,-0.230769230769231,-0.176923076923077,-0.126506024096386
"365","PWR",0.749653986622186,2.225806452,NA,0.521276596,0.815699659,1.246819338,1.07106599,NA,1.047145329,1.36842105263158,1.78260869565217,0.23021582733813,NA,0.688408990744822
"366","PX",0.317962719291133,-0.20733945,0.575,0.131811105,-0.406811731,-0.238111298,-0.404871626,0.216981132,0.016441522,-0.712701438225611,-0.792367277536369,0.290322580645161,NA,-0.491869918699187
"367","PXD",0.843337627769397,-0.29505814,0,0.495194618,-0.367217281,-0.557282671,-0.555463576,-0.565217391,1.307759372,-0.00119904076738609,-0.196052631578947,-0.280952380952381,-0.396675651392633,0.548780487804878
"368","QCOM",0.051387767434296,-0.345238095,1.716049383,0.324391765,-0.670597484,-0.557239057,-0.689393939,NA,0.490338972,-0.42112676056338,-0.0705827722312515,0.577777777777778,NA,1.03296703296703
"369","RCL",2.20906606101351,1.718411552,9.8,0.258554155,1.366883117,1.207267833,0.818342152,-0.365591398,0.164654372,1.67710049423394,7.19148936170213,-0.11864406779661,-0.282077136375095,-0.0337837837837838
"370","RE",1.82273492754149,-8.624161074,1.630208333,0.721354856,-5.813953488,-5.338461538,NA,0,0.40775458,-6.8625,0.762121212121212,-0.0932475884244373,0.0387596899224807,1.5
"371","REG",0.588505828549087,1.857142857,0.12972973,1.212851406,1.5625,0.668224299,-0.122171946,-0.581395349,0.968,2.45098039215686,6.24615384615385,-0.357692307692308,-0.359009900990099,-0.498360655737705
"372","REGN",7.26669034877968,-5.220408163,NA,11.19739696,-1.828618063,-1.51713894,-1.835874799,-0.876404494,12.16591928,-6.4009009009009,-6.19597989949749,-0.474264705882353,NA,1.89588688946015
"373","RF",1.58578120110712,-3.941176471,7,0.266121708,-3.909090909,-3.363076923,NA,-0.14516129,0.021069692,-6.87441860465116,-0.540861159929701,-0.166838311019568,0.0250783699059561,-0.0357142857142857
"374","RHI",0.77097832981821,1.240384615,0.714285714,0.646319569,0.394575678,0.466261062,0.468403548,NA,0.394492984,0.94,1.06,0.0304878048780488,-0.666666666666667,0.0428077638925817
"375","RHT",1.24868115382161,1.527272727,NA,0.074738416,0.108159393,1.200447928,0.511709602,NA,1.653465347,1.37383177570093,1.88114754098361,1.14117647058824,NA,0.666666666666667
"376","RJF",1.46630902955072,0.97716895,0.692307692,0.827063996,0.232258065,0.063268893,NA,0.571428571,0.896520696,1.28776978417266,-0.266272189349112,-0.102011494252874,0.749379652605459,-0.260839160839161
"377","RL",-0.368833055852476,-1.208695652,3,0.277939464,-1.141645462,-1.159502262,-1.129230769,1.5,0.175441696,-1.17429577464789,0.542725173210162,0.132450331125828,0.776450511945392,0.186069651741293
"378","RMD",1.49072713407655,0.666666667,NA,0.143733567,-0.171684296,0.245345745,-0.077998528,8.166666667,0.662912309,0.506607929515419,0.649038461538462,0.475,5.43892339544514,-0.0525164113785558
"379","ROK",1.17499000114465,0.301229508,1.054054054,0.376623377,-0.168224299,-0.185057471,-0.30820996,-0.096153846,0.051833333,0.185078909612626,0.702290076335878,-0.109271523178808,0.014018691588785,-0.211729622266402
"380","ROP",1.84417623870939,1.16359447,1.234042553,0.985507246,-0.174969623,0.068893528,-0.207639569,0.96875,0.647121916,1.27634660421546,1.09447415329768,0.259036144578313,0.59433962264151,-0.40169133192389
"381","ROST",2.31060900133772,1.439655172,2.375,1.397163121,0.164369035,-0.039048474,-0.066434436,0.272727273,0.635774218,1.01441441441441,1.66033755274262,-0.175213675213675,0.553014553014553,-0.0273972602739726
"382","RSG",1.15580480519146,1.416666667,0.583333333,0.123906706,1.026490066,1.152832675,0.69115192,0.044444444,0.225830078,1.16977928692699,0.108433734939759,0.0431372549019609,0.00425773488504132,0.187628865979381
"383","RTN",2.58965983451575,0.316287879,0.854651163,0.246280992,-0.103773585,-0.028832292,-0.076770351,-0.142857143,0.019752987,0.0846730975348339,0.277844311377246,-0.0189873417721519,-0.141183035714286,0.215876641918903
"384","SBAC",2.48668429723265,-1.754385965,NA,-324.1666667,-1.390581717,NA,NA,NA,1.475644699,-1.82539682539683,4.5,NA,0.361948706942805,1.42622950819672
"385","SBUX",2.02620084040468,1.432098765,2.846153846,0.37414966,0.1098234,0.646716273,0.152542373,4.538461538,0.913333333,1.31460674157303,1.45605920444033,0.571428571428572,2.66666666666667,0.154285714285714
"386","SCG",0.491151314134091,-1.279461279,0.262886598,0.370934959,-1.219178082,-1.212745098,-0.881278539,-0.058823529,-0.000453618,-1.30749354005168,-0.232876712328767,0.0258620689655172,-0.07701317715959,-0.075134168157424
"387","SCHW",1.7961193593484,1.3,0.333333333,0.882059801,0.081395349,0.197580645,NA,0.153846154,0.780379747,1.72453703703704,-0.607267950963222,0.0987917555081735,0.0597826086956521,-0.12776176753122
"388","SEE",1.04482641502603,4.3625,0.230769231,-0.658850227,6.267045455,37.23741007,2.968316832,11.55029586,-0.208865248,4.46308724832215,-0.104477611940299,7.91259640102828,0.40417718613725,0.14356846473029
"389","SHW",3.20250890668129,3.509661836,1.328767123,1.078291815,0.561176471,0.97977598,0.124551512,4.70212766,0.709331508,3.00904977375566,1.85395189003436,0.405194805194805,3.0531914893617,-0.443211833069202
"390","SIVB",2.64007048240656,1.335025381,NA,1.176154064,0.108695652,0.037220844,NA,-0.552631579,1.174917492,1.8546511627907,2.88970588235294,-0.0369496855345912,-0.565495207667732,-0.277777777777778
"391","SJM",0.668773135729997,0.259259259,0.780487805,0.358876117,-0.365646259,-0.057585825,-0.306845966,1.6,0.531703274,0.235908141962422,3.10900473933649,0.452229299363057,0.814814814814815,-0.321256038647343
"392","SLB",-0.118433895285309,-1.294277929,1,0.210414903,-1.215203426,-1.241400876,-1.159689922,0.481481481,-0.230146687,-1.30118070842506,0.651648862052949,0.101694915254237,0.338917525773196,-0.347472399767577
"393","SLG",0.418556808515457,-0.881309686,4.709090909,0.077471195,-0.883534137,-0.891891892,-0.680901542,-0.039215686,0.196357878,-0.843894899536321,-1.72696245733788,-0.033195020746888,-0.0313204146011717,10.8148148148148
"394","SNA",1.92227756626552,1.021231423,1.269230769,0.926008969,0.497991968,0.05758056,0.225160256,-0.587301587,0.401541696,1.02173913043478,6.86567164179105,-0.2625,-0.455610124669437,0.131040892193309
"395","SNPS",1.89508863220393,-0.401360544,NA,0.551841746,-0.613533835,-0.599620493,-0.623563218,NA,0.774088542,-0.380090497737557,0.476315789473684,0.0312499999999999,NA,0.362297496318115
"396","SO",0.230755227283282,-0.670588235,0.229946524,0.172718351,-0.802597403,-0.736196319,-0.569272977,0.735849057,0.304355213,-0.611992945326279,-1.74600870827286,0.362017804154303,0.28893833439288,0.211805555555556
"397","SPG",0.55007618336465,0.793103448,1.166666667,-0.240932642,0.535,1.259650735,0.134174312,0.625,0.286344635,0.900487804878049,0.834615384615385,0.555360281195079,0.0277814525730916,-0.470046082949309
"398","SPGI",2.54451995080173,0.926666667,0.64,-0.5875,0.223372781,3.486530612,0.202717197,7.41509434,-0.029298751,0.642151481888035,0.54530612244898,2.11267605633803,1.69426751592357,-0.139606396063961
"399","SRCL",-0.100014652303797,-0.899628253,NA,1.351719198,-0.957868649,-0.96076555,-1.022261799,-0.158878505,1.136038186,-0.821276595744681,0.446640316205534,-0.090566037735849,-0.0809021819073302,-0.0240437158469946
"400","SRE",1.14535970188019,-0.816696915,0.713541667,0.316969848,-0.877934272,-0.861014593,-0.769585253,0.274509804,0.116679952,-0.810611643330877,-0.812933025404157,0.174041297935103,0.120340091563113,-0.155172413793103
"401","STI",1.39270199850569,3.755319149,10,0.283646113,2.785714286,2.704980843,NA,-0.2,0.046429413,2.51313755795981,0.132310429175006,0.0156599552572708,-0.207455429497569,NA
"402","STT",1.11005411178549,0.382585752,1.222222222,0.336217867,-0.17,0.045808967,NA,0.418604651,0.045175797,0.133854166666667,1.04681404421326,0.0871839581517001,0.272,10.547619047619
"403","STX",1.75535959050389,1.366972477,13,-0.038394415,0.505982906,1.650761421,0.294592413,2.066666667,-0.018229879,0.510763209393346,2.52019002375297,0.810666666666667,0.693125,-0.201727328809377
"404","STZ",8.28332618352591,1.870229008,NA,1.982630273,0.177353342,0.046287809,0.26172301,-0.089430894,1.200480192,1.74107142857143,0.488679245283019,-0.0391459074733096,-0.0518738574040218,-0.22680412371134
"405","SWK",1.11660688107338,1.025188917,0.475609756,0.133077108,0.626728111,0.831600832,0.71659919,-0.095238095,0.228508096,0.816296296296296,0.402298850574713,0.109649122807018,-0.191096634093377,-0.120123203285421
"406","SWKS",3.05906420519198,3.546218487,NA,1.466975666,0.826981707,0.714654616,0.747368421,NA,1.572938689,3.44933920704846,3.3622641509434,-0.0427350427350426,NA,0.0563230605738575
"407","SYK",1.55362856519992,-0.223188406,1.333333333,0.403933434,-0.585281385,-0.422970734,-0.602362205,1.869565217,0.498013723,-0.241635687732342,-0.204470198675497,0.385093167701863,1.10410764872521,-0.133099824868651
"408","SYMC",0.675556052950022,-1.223684211,NA,0.094435076,-1.142284569,-1.224924012,-0.934393638,3.477272727,-0.350726979,-1.17755443886097,-1.19003931847969,0.854092526690391,1.40648854961832,-0.551507537688442
"409","SYY",0.864425017416921,0.06122449,0.262135922,-0.460297767,-0.375706215,0.444074074,-0.305075293,5.708333333,0.408107215,-0.0078125,2.27472527472527,2.08264462809917,1.16533466533467,-0.108798114689709
"410","T",0.31435058961761,6.212121212,0.138728324,0.061554512,3.760273973,5.14600551,2.449856734,0.534482759,0.266904982,6.46703853955375,0.272802311184482,0.23046875,0.252863436123348,-0.260437375745527
"411","TAP",1.03573440030759,0.798898072,0.322580645,0.321632095,-0.117100372,0.310502283,-0.087939698,2.2,2.130014225,1.09171597633136,1.00157977883096,0.41358024691358,1.28054298642534,-0.48972602739726
"412","TDG",2.0203241677371,1.485804416,NA,-3.265673495,-0.11691023,NA,NA,NA,1.905472637,2.47093023255814,1.95473251028807,NA,0.650672062436768,0.522673031026253
"413","TEL",1.38038533240141,0.672597865,1.264705882,0.473356009,0.267782427,0.07638484,-0.031907179,0.057142857,-0.083775852,0.351807228915663,0.351419031719533,-0.160337552742616,0.243691899070385,-0.137426900584795
"414","TGT",0.137317839702437,0.175,1.761904762,-0.095454545,0.064954683,0.208553326,0.028783658,0,0.031236088,-0.0626712328767123,0.237746658179503,0.212765957446809,-0.17474096891627,-0.857954545454545
"415","TIF",0.329434156320619,0.236933798,0.842105263,0.362099125,-0.145098039,-0.169790518,-0.194635488,0.074074074,0.297244733,0.21195652173913,1.78488372093023,-0.0174418604651163,0.0971428571428572,-0.106425702811245
"416","TJX",1.74997787552849,1.096969697,3.464285714,0.683417085,0.083333333,0.162318841,0.013528749,1.12,0.512350743,0.711094564408042,1.02915681639086,0.11284046692607,0.780638516992791,-0.199203187250996
"417","TMK",1.8758936676115,3.046357616,1.142857143,0.626036783,1.083601286,1.144904459,NA,-0.052631579,0.230678117,1.80694980694981,0.649882903981265,-0.0714285714285713,0.0455531453362256,0.128378378378378
"418","TMO",2.13809565824293,0.615606936,NA,0.504154448,-0.213768116,0.083428571,-0.139189189,0.947368421,0.784051173,0.672932330827068,1.4540350877193,0.252808988764045,0.552447552447552,0.125739644970414
"419","TPR",-0.281469571108804,-0.284246575,0.985294118,0.87431694,-0.680857226,-0.632035398,-0.738215185,52,0.079105554,-0.328409090909091,-0.355530474040632,0.190184049079755,29.438202247191,-0.0202952029520296
"420","TRIP",NA,-1.106060606,NA,1.103092784,-1.036842105,-1.031184056,-1.057843591,-0.821705426,1.442700157,-1.10674157303371,-0.116751269035533,-0.414035087719298,-0.777386713594369,0.166156982670744
"421","TROW",0.373598553446897,1.044520548,0.838709677,0.746707978,0.048146365,0.206369983,0.206369983,NA,0.744812523,0.936610608020699,-0.950346420323326,0.172727272727273,NA,-0.0853960396039604
"422","TRV",1.21278445765242,1.181547619,0.779874214,0.365012484,0.481481481,0.532627866,NA,-0.038461538,0.135817024,0.44179523141655,0.734439834024896,0.0210772833723655,-0.0351170568561874,0.872605363984674
"423","TSCO",1.03418665095833,1.185430464,4,0.665144597,0.046671242,0.282911944,0.014840681,NA,0.714150721,0.896860986547085,3.32954545454545,0.278481012658228,NA,NA
"424","TSN",2.59256965732896,1.431472081,4.625,0.824153948,0.023289665,0.270562771,-0.084760274,1.378378378,0.185768301,1.36533333333333,2.79652605459057,0.357142857142857,0.732880292733926,-0.499580888516345
"425","TSS",2.39981179270778,1.747826087,0.483870968,0.896652111,-0.204663212,0.552737752,-0.12534626,22.4,1.724156993,1.65158371040724,1.14705882352941,0.979020979020979,18.2206572769953,-0.43754674644727
"426","TTWO",4.62528749273889,-2.175572519,NA,0.727144866,-1.49122807,-1.774624374,-2.145322434,-0.981132075,1.170702179,-2.59633027522936,-4.45833333333333,0.300518134715026,-0.992005813953488,0.691326530612245
"427","TXN",1.66368324035128,0.920212766,2.785714286,0.154958678,0.623199393,0.676709708,0.870223504,-0.105263158,0.089261012,0.646690518783542,0.913114754098361,-0.0855614973262033,-0.0126582278481012,-0.039787798408488
"428","TXT",1.27068240345728,0.443037975,0,0.872895623,0.19760479,-0.354191263,-0.228846154,-0.557692308,0.25924612,0.268595041322314,-0.171875,-0.451612903225806,-0.193077167354716,-0.663257575757576
"429","UAL",2.20304640031745,2.10619469,NA,3.472103004,1.382488479,-0.486855941,0.032549729,-0.772511848,0.016868769,1.53690476190476,-1.34250585480094,-0.771279125059439,0.000723850886717321,-0.112044817927171
"430","UDR",0.558495710512009,7.8,0.207792208,0.043956044,8,5.982758621,0.320557491,-0.262569832,0.404795487,5.1,-1.41455696202532,-0.0944625407166124,-0.213825037208533,NA
"431","UHS",1.56535423226368,0.933168317,1,1.245759026,0.360687023,-0.152442297,0.069584736,-0.559748428,0.388,0.889447236180904,0.586294416243655,-0.353293413173653,-0.338464654648572,0.102766798418972
"432","ULTA",3.49044380985531,4.620689655,NA,2.493273543,0.548824593,0.339530333,0.331064657,NA,2.336769759,4.77464788732394,2.30379746835443,-0.0883977900552487,NA,0.137704918032787
"433","UNH",3.00592481214553,1.266384778,3.721311475,0.742452479,0.026751592,0.291578947,0.137415982,0.304347826,0.987580033,1.05328665888759,0.96119301813252,0.2125,0.0906735751295337,0.698507462686567
"434","UNM",1.01475575700245,3.64893617,1.15,0.313737624,2.95,2.985130112,NA,-0.066666667,0.098073555,3.22978723404255,-0.125628140703518,-0.0470085470085469,0.00234192037470742,2.67625899280576
"435","UNP",1.28755583802208,2.976190476,1.583333333,0.267838676,1.526104418,1.639624724,1.164925373,0.382978723,0.086056144,2.2539489671932,0.52833078101072,-0.0411522633744856,0.447900466562986,-0.170418006430868
"436","UPS",0.58124838502741,0.4609375,0.596153846,-0.782716049,0.027827648,12.79376357,0.146263182,11.82911392,0.240410507,0.29074658254469,-1.73954222573007,8.20892494929006,0.363920099875156,0.266111111111111
"437","URI",4.02587370472717,10.39855072,NA,118,2.860465116,-0.87664728,3.544642857,-0.932059961,1.543469935,12.3267326732673,-2.68811881188119,-0.925227869612235,-0.0921897010486774,-0.267857142857143
"438","USB",1.07927913814937,0.426829268,1.32,0.630922693,-0.109589041,-0.135540287,NA,-0.274509804,0.15509039,0.276272577996716,-0.340936863543788,-0.0230627306273063,-0.25796178343949,NA
"439","UTX",0.464883220501506,0.038251366,0.462365591,0.501606426,-0.412048193,-0.308427454,-0.434131737,0.953488372,0.028303832,-0.0857601928098012,-0.422685928303906,0.163701067615658,0.663711209626346,-0.162910495814552
"440","V",3.7172968855054,1.170542636,3.4,0.140262361,-0.08496732,0.674418605,0.052557814,NA,0.998040923,0.835342465753425,1.41574310883774,0.900763358778626,NA,0.342857142857143
"441","VAR",0.740376221299882,-0.202380952,NA,0.369467028,-0.568319226,-0.512788128,-0.568016615,NA,0.027339238,-0.37593984962406,-0.154228855721393,0.0597014925373135,NA,0.0188827694728559
"442","VFC",1.17696443212985,-0.24,1.646153846,-0.012896825,-0.445825933,-0.329556185,-0.423965937,0.475,0.248652077,-0.307432432432432,0.490384615384615,0.300970873786408,0.116929334011184,0.187032418952618
"443","VIAB",-0.242141159297619,0.346883469,-0.238095238,0.178983051,-0.017064846,0.307879773,-0.1728223,0.321100917,-0.079930871,0.00908632004038364,-0.208191126279863,0.107023411371237,0.183274504480043,0.195079086115993
"444","VLO",2.15347246173642,1.489130435,8.333333333,0.569709127,0.623076923,0.455981941,0.516227181,-0.024390244,-0.254050021,0.944976076555024,1.43790849673203,-0.126436781609195,NA,-0.337811900191939
"445","VMC",2.25956022686878,-9.109090909,0.315789474,0.180726909,-8.870588235,-7.885245902,8.254716981,-0.185714286,0.516569201,-9.46478873239437,1.64285714285714,-0.119815668202765,-0.0911882100092109,0.616187989556136
"446","VNO",0.260630007153242,NA,NA,NA,NA,NA,NA,NA,NA,NA,NA,NA,NA,NA
"447","VRSK",1.45082968243934,1.018404908,NA,-11.45360825,-0.491707317,NA,NA,NA,0.61036036,0.96113074204947,0.772151898734177,NA,-0.4703081232493,-0.495539334955393
"448","VRSN",1.88571849233958,3.279069767,NA,11,1.606015038,NA,NA,NA,0.509067358,2.1958041958042,3.56643356643357,NA,0.630177514792899,-0.518518518518518
"449","VRTX",1.88255561533131,6.428571429,NA,1.55234657,4.410596026,2.609170306,1.466410749,-0.431372549,0.763997165,7.76666666666667,10.9591836734694,-0.378571428571429,NA,0.30445246690734
"450","VTR",0.0728368102129693,1.392405063,0.356521739,-0.058731646,0.8170347,1.0352,0.452898551,0.507246377,0.955240793,2.72527472527473,8.09722222222222,0.182795698924731,0.262032085561497,NA
"451","VZ",0.316620223147798,7.658823529,0.176767677,-0.522496372,10.22429907,13.22325581,3.053763441,0.885714286,0.136721533,11.5212146422629,-0.447768912529551,-0.0686427457098285,0.59562253318981,0.788649706457926
"452","WAT",1.08917709554498,-0.946695096,NA,1.5453149,-0.976079347,-0.976146303,-0.977457169,0.49122807,0.24743382,-0.953810623556582,0.473300970873786,0.0720720720720719,0.386770428015564,-0.25593471810089
"453","WBA",1.04237637373114,0.285714286,1.026666667,0.789820359,-0.417821782,-0.233836207,-0.436419753,1.875,0.637675939,0.502579218865144,1.42798353909465,0.297297297297297,1.22794959908362,0.0868131868131869
"454","WDC",1.58479579379766,-0.566343042,NA,0.589157137,-0.864893617,-0.752808989,-0.765543071,36.66666667,1.00430401,-0.453168044077135,2.2599771949829,0.77027027027027,22.3837837837838,-0.561238223418573
"455","WEC",1.02595384919161,0.691964286,1,0.696459663,-0.002557545,-0.029739777,0.022696929,-0.206896552,0.705082479,1.29087452471483,-0.259259259259259,-0.0403458213256484,-0.168218684289576,0.175824175824176
"456","WELL",0.390411720481834,0.4,0.229681979,0.301450276,0.263565891,0.119601329,-0.237209302,-0.271186441,1.973258269,1.39908256880734,-1.32817551963048,-0.163934426229508,-0.125,0.333333333333333
"457","WFC",0.961964199972897,0.453900709,2.756097561,0.537531276,-0.094017094,-0.05414274,NA,0.278350515,0.096330506,0.397882664314071,0.370069520673253,0.0539215686274511,0.207329842931937,-0.0376569037656905
"458","WHR",1.52495618445472,-0.058116232,1.227979275,0.199892435,-0.295275591,-0.159482759,-0.611474219,1.058823529,0.138594236,-0.102564102564103,-8.43589743589744,0.314049586776859,0.628186968838527,-0.0410958904109588
"459","WLTW",0.418028101648877,0.361563518,-0.229090909,0.831340005,0.403100775,-0.301488834,-0.288984263,-0.526315789,1.3794604,1.7843137254902,0.484756097560976,-0.492890995260664,-0.0826666666666667,0.284974093264249
"460","WM",1.15583072624837,1.161764706,0.25,-0.057275542,1.094036697,1.20974984,0.833535844,-0.033333333,0.082747795,1.02809573361082,0.45938864628821,-0.0241935483870969,-0.0212143379663496,0.384223918575064
"461","WMB",0.243472865189333,3.158730159,0.538461538,-0.266068759,1.580110497,2.672705314,0.455370651,-0.546038544,0.012736444,4.78191489361702,-0.819595645412131,-0.478260869565217,-0.0676117775354418,-0.453367875647668
"462","WMT",0.452757595282062,-0.020134228,0.652892562,0.30785018,-0.265809218,-0.267743306,-0.222727273,-0.15625,0.151769946,-0.167551406431143,0.910727339181287,-0.0303030303030303,-0.198516579406632,0.0390070921985817
"463","WU",0.0370874398145563,-1.64673913,1.258064516,0.913580247,-1.435448578,-2.719366086,-1.784770296,NA,0.006009834,-1.47811158798283,-0.447628458498024,NA,-0.168311819792458,0.477469670710572
"464","WY",0.667965867378289,0.262295082,1.083333333,0.340044743,0.228346457,-0.136729223,-0.138147567,-0.333333333,0.157657658,0.758308157099698,14.64,-0.314189189189189,-0.026790750141004,-0.416452442159383
"465","WYNN",-0.0261104631171388,0.491803279,0.333333333,-0.844995141,-0.328539823,3.766843034,-0.443359375,6.529850746,0.19658444,0.218597063621533,-0.303303303303303,3.05454545454546,0.835299783289188,-0.488439306358382
"466","XEC",0.348435007037382,-0.156097561,-0.157894737,-0.28351836,-0.077562327,0.067713976,-0.194647202,3.384615385,0.091012514,-0.0679245283018868,-0.50408719346049,0.132947976878613,2.95308310991957,0.379154078549849
"467","XEL",0.898754268270126,0.308139535,0.398058252,0.299480669,-0.068259386,0.01489573,-0.107250755,0.221153846,0.070295636,0.365041617122473,-1.965,0.0804597701149425,0.124666666666667,-0.257668711656442
"468","XL",0.884062498280729,0.421052632,1,0.232772309,-0.132075472,0.137130802,NA,0.375,0.66402867,0.178947368421053,-0.899082568807339,0.361522198731501,-0.0095057034220532,3.47037037037037
"469","XLNX",0.999725222145287,-0.029288703,1.0625,0.076756757,-0.257273246,-0.137407277,-0.331445993,0.111111111,-0.008442381,-0.029595015576324,0.30804248861912,0.105263157894737,-0.0246282527881041,-0.255780346820809
"470","XOM",0.0269641380551587,-0.450118765,0.654054054,0.305403764,-0.551697531,-0.592809978,-0.627022654,1.166666667,-0.496620962,-0.519970774476376,-0.398276569552729,-0.130841121495327,1.35191637630662,-0.371036846615253
"471","XRAY",0.717953592325884,-4.976470588,0.75,1.520642202,-3.306557377,-2.586726998,-2.850273224,-0.703703704,0.573286052,-7.3265306122449,0.410658307210031,-0.389105058365759,-0.507443775736459,-0.200222469410456
"472","XRX",0.205030613306078,-0.802777778,0.191176471,-0.44205781,-0.747016706,-0.661654135,-0.615711253,0.65,-0.533281804,-0.849420849420849,-1.0486301369863,0.192913385826772,0.39154334038055,0.0671960904092851
"473","XYL",NA,0.22,6.2,0.295175024,-0.278020378,0.14995925,0.034897714,0.333333333,0.237707073,0.186379928315412,0.597523219814242,0.141666666666667,0.175566934893928,-0.190005810575247
"474","YUM",0.906128171055463,0.375912409,0.165048544,-5.258660508,0.615084525,NA,NA,NA,-0.534452717,0.0159211523881729,-0.421138211382114,NA,4.17760279965004,2.34259259259259
"475","ZBH",1.04076091303977,1.208436725,NA,0.639542276,-0.251900109,0.256486286,-0.499102334,1.620689655,0.757412399,1.38552631578947,0.226351351351351,0.425806451612903,0.854211663066955,-0.415228426395939
"476","ZION",1.15687940514602,2.13253012,10,0.468548387,1.896551724,1.33033033,NA,-0.880952381,0.161620659,0.827160493827161,-0.255152109911678,-0.191673894189072,-0.842391304347826,NA
